time, dist, vel, acc, Sf, vmin, vmax, tmin, tmax, req_vel, req_acc, T, C0, C1, C2, C3, C4, C5, TL state, Fasullo;
0.049, -110, -8.83774e-08, -1.76755e-06, 775, 3, 15, 0, 15, -nan, 0.358295, 8.09477e-319, 0, -8.83774e-08, -1.76755e-06, 7.28178, -4.66034, 0.994205, 1, 1;
0.099, -110, 0.00414912, 0.0829841, 775, 3, 15, 0, 15, -nan, 0.713989, 8.09477e-319, 0, 0.00414912, 0.0829841, 7.22952, -4.65034, 0.994659, 1, 2;
0.149, -109.999, 0.019836, 0.313737, 774.999, 3, 15, 0, 15, -nan, 1.06236, 8.09477e-319, 0, 0.019836, 0.313737, 7.08232, -4.62157, 0.995762, 1, 3;
0.199, -109.998, 0.0561444, 0.72617, 774.998, 3, 15, 0, 15, -nan, 1.3972, 8.09477e-319, 0, 0.0561444, 0.72617, 6.81029, -4.56372, 0.996227, 1, 4;
0.249, -109.995, 0.0861528, 0.600167, 774.995, 3, 15, 0, 15, -nan, 1.7367, 8.09477e-319, 0, 0.0861528, 0.600167, 6.90437, -4.59697, 1.00127, 1, 5;
0.299, -109.989, 0.233566, 2.94826, 774.989, 3, 15, 0, 15, -nan, 1.98749, 8.09477e-319, 0, 0.233566, 2.94826, 5.1163, -4.0453, 0.940235, 1, 6;
0.349, -109.98, 0.262605, 0.58079, 774.98, 3, 15, 0, 15, -nan, 2.32959, 8.09477e-319, 0, 0.262605, 0.58079, 6.95794, -4.66175, 1.02239, 1, 7;
0.399, -109.969, 0.33669, 1.48169, 774.969, 3, 15, 0, 15, -nan, 2.63963, 8.09477e-319, 0, 0.33669, 1.48169, 6.31238, -4.49105, 1.01159, 1, 8;
0.449, -109.954, 0.449085, 2.24791, 774.954, 3, 15, 0, 15, -nan, 2.92031, 8.09477e-319, 0, 0.449085, 2.24791, 5.72085, -4.3148, 0.994675, 1, 9;
0.499, -109.934, 0.576161, 2.54152, 774.934, 3, 15, 0, 15, -nan, 3.18949, 8.09477e-319, 0, 0.576161, 2.54152, 5.48945, -4.25586, 0.992634, 1, 10;
0.549, -109.908, 0.701735, 2.51147, 774.908, 3, 15, 0, 15, -nan, 3.46046, 8.09477e-319, 0, 0.701735, 2.51147, 5.52602, -4.29548, 1.00593, 1, 11;
0.599, -109.875, 0.823682, 2.43894, 774.875, 3, 15, 0, 15, -nan, 3.73497, 8.09477e-319, 0, 0.823682, 2.43894, 5.59837, -4.34823, 1.02125, 1, 12;
0.649, -109.836, 0.948936, 2.50509, 774.836, 3, 15, 0, 15, -nan, 4.00715, 8.09477e-319, 0, 0.948936, 2.50509, 5.55178, -4.35578, 1.02937, 1, 13;
0.699, -109.787, 1.08943, 2.80982, 774.787, 3, 15, 0, 15, -nan, 4.2665, 8.09477e-319, 0, 1.08943, 2.80982, 5.29346, -4.28021, 1.02368, 1, 14;
0.749, -109.729, 1.25205, 3.25254, 774.729, 3, 15, 0, 15, -nan, 4.50623, 8.09477e-319, 0, 1.25205, 3.25254, 4.89747, -4.144, 1.00647, 1, 15;
0.799, -109.66, 1.43683, 3.69551, 774.66, 3, 15, 0, 15, -nan, 4.7253, 8.09477e-319, 0, 1.43683, 3.69551, 4.48061, -3.99113, 0.984673, 1, 16;
0.849, -109.578, 1.66142, 4.49178, 774.578, 3, 15, 0, 15, -nan, 4.90504, 8.09477e-319, 0, 1.66142, 4.49178, 3.6855, -3.65186, 0.922292, 1, 17;
0.899, -109.483, 1.96589, 6.08945, 774.483, 3, 15, 0, 15, -nan, 4.99924, 8.09477e-319, 0, 1.96589, 6.08945, 1.95345, -2.79869, 0.734938, 1, 18;
0.949, -109.375, 2.27927, 6.26755, 774.375, 3, 15, 0, 15, -nan, 5.0807, 8.09477e-319, 0, 2.27927, 6.26755, 1.69584, -2.68399, 0.713996, 1, 19;
0.999, -109.254, 2.55446, 5.50375, 774.254, 3, 15, 0, 15, -nan, 5.20193, 8.09477e-319, 0, 2.55446, 5.50375, 2.50284, -3.1473, 0.833654, 1, 20;
1.049, -109.123, 2.80636, 5.03804, 774.123, 3, 15, 0, 15, -nan, 5.3466, 8.09477e-319, 0, 2.80636, 5.03804, 2.97853, -3.42738, 0.907864, 1, 21;
1.099, -108.98, 3.04773, 4.82735, 773.98, 3, 15, 0, 15, -nan, 5.5009, 8.09477e-319, 0, 3.04773, 4.82735, 3.17437, -3.55746, 0.946207, 1, 22;
1.149, -108.826, 3.28116, 4.66874, 773.826, 3, 15, 0, 15, -nan, 5.66207, 8.09477e-319, 0, 3.28116, 4.66874, 3.31422, -3.65754, 0.977479, 1, 23;
1.199, -108.66, 3.51149, 4.60656, 773.66, 3, 15, 0, 15, -nan, 5.82481, 8.09477e-319, 0, 3.51149, 4.60656, 3.34654, -3.6997, 0.995015, 1, 24;
1.249, -108.481, 3.74862, 4.74268, 773.481, 3, 15, 0, 15, -nan, 5.97782, 8.09477e-319, 0, 3.74862, 4.74268, 3.15004, -3.61626, 0.982186, 1, 25;
1.299, -108.287, 4.00494, 5.1264, 773.287, 3, 15, 0, 15, -nan, 6.10623, 8.09477e-319, 0, 4.00494, 5.1264, 2.65156, -3.35915, 0.925516, 1, 26;
1.349, -108.078, 4.29976, 5.89624, 773.078, 3, 15, 0, 15, -nan, 6.18526, 8.09477e-319, 0, 4.29976, 5.89624, 1.64997, -2.79363, 0.786134, 1, 27;
1.399, -107.854, 4.64417, 6.88828, 772.854, 3, 15, 0, 15, -nan, 6.19726, 8.09477e-319, 0, 4.64417, 6.88828, 0.288912, -1.97019, 0.568425, 1, 28;
1.449, -107.613, 4.98407, 6.798, 772.613, 3, 15, 0, 15, -nan, 6.20888, 8.09477e-319, 0, 4.98407, 6.798, 0.281399, -1.97263, 0.574035, 1, 29;
1.499, -107.357, 5.2787, 5.89265, 772.357, 3, 15, 0, 15, -nan, 6.27305, 8.09477e-319, 0, 5.2787, 5.89265, 1.34928, -2.65659, 0.769667, 1, 30;
1.549, -107.086, 5.56687, 5.76342, 772.086, 3, 15, 0, 15, -nan, 6.34051, 8.09477e-319, 0, 5.56687, 5.76342, 1.41654, -2.70997, 0.790335, 1, 31;
1.599, -106.8, 5.88342, 6.33097, 771.8, 3, 15, 0, 15, -nan, 6.3653, 8.09477e-319, 0, 5.88342, 6.33097, 0.549434, -2.16097, 0.64115, 1, 32;
1.649, -106.498, 6.19789, 6.28936, 771.498, 3, 15, 0, 15, -nan, 6.38647, 8.09477e-319, 0, 6.19789, 6.28936, 0.475958, -2.11639, 0.633239, 1, 33;
1.699, -106.181, 6.50981, 6.23837, 771.181, 3, 15, 0, 15, -nan, 6.40448, 8.09477e-319, 0, 6.50981, 6.23837, 0.411554, -2.07556, 0.626122, 1, 34;
1.749, -105.847, 6.82688, 6.34138, 770.847, 3, 15, 0, 15, -nan, 6.40844, 8.09477e-319, 0, 6.82688, 6.34138, 0.126048, -1.88256, 0.573789, 1, 35;
1.799, -105.498, 7.14289, 6.32031, 770.498, 3, 15, 0, 15, -nan, 6.40649, 8.09477e-319, 0, 7.14289, 6.32031, 0.00553205, -1.79697, 0.552411, 1, 36;
1.849, -105.133, 7.4603, 6.34813, 770.133, 3, 15, 0, 15, -nan, 6.39486, 8.09477e-319, 0, 7.4603, 6.34813, -0.191608, -1.65472, 0.51337, 1, 37;
1.899, -104.753, 7.77746, 6.34313, 769.753, 3, 15, 0, 15, -nan, 6.3755, 8.09477e-319, 0, 7.77746, 6.34313, -0.349083, -1.53594, 0.480669, 1, 38;
1.949, -104.356, 8.09433, 6.33746, 769.356, 3, 15, 0, 15, -nan, 6.34814, 8.09477e-319, 0, 8.09433, 6.33746, -0.512324, -1.40916, 0.444801, 1, 39;
1.999, -103.944, 8.41044, 6.3223, 768.944, 3, 15, 0, 15, -nan, 6.31314, 8.09477e-319, 0, 8.41044, 6.3223, -0.668016, -1.28387, 0.408674, 1, 40;
2.049, -103.515, 8.72536, 6.29842, 768.515, 3, 15, 0, 15, -nan, 6.27087, 8.09477e-319, 0, 8.72536, 6.29842, -0.816631, -1.15996, 0.372274, 1, 41;
2.099, -103.071, 9.03874, 6.26748, 768.071, 3, 15, 0, 15, -nan, 6.22159, 8.09477e-319, 0, 9.03874, 6.26748, -0.960045, -1.03622, 0.335244, 1, 42;
2.149, -102.612, 9.35018, 6.22889, 767.612, 3, 15, 0, 15, -nan, 6.16561, 8.09477e-319, 0, 9.35018, 6.22889, -1.09678, -0.913939, 0.29801, 1, 43;
2.199, -102.137, 9.65934, 6.18319, 767.137, 3, 15, 0, 15, -nan, 6.10328, 8.09477e-319, 0, 9.65934, 6.18319, -1.22699, -0.793187, 0.260624, 1, 44;
2.249, -101.646, 9.96588, 6.13072, 766.646, 3, 15, 0, 15, -nan, 6.03491, 8.09477e-319, 0, 9.96588, 6.13072, -1.35064, -0.674214, 0.223192, 1, 45;
2.299, -101.14, 10.2695, 6.07178, 766.14, 3, 15, 0, 15, -nan, 5.9526, 8.09477e-319, 0, 10.2695, 6.07178, -1.63821, -0.32884, 0.106973, 1, 46;
2.349, -100.62, 10.5697, 6.00487, 765.62, 3, 15, 0, 15, -nan, 5.85747, 8.09477e-319, 0, 10.5697, 6.00487, -1.90213, -0.0123801, 0.00394825, 1, 47;
2.399, -100.084, 10.8661, 5.92784, 765.084, 3, 15, 0, 15, -nan, 5.75179, 8.09477e-319, 0, 10.8661, 5.92784, -2.11984, 0.248732, -0.0778304, 1, 48;
2.449, -99.5333, 11.1581, 5.83997, 764.533, 3, 15, 0, 15, -nan, 5.63765, 8.09477e-319, 0, 11.1581, 5.83997, -2.29424, 0.460836, -0.141586, 1, 49;
2.499, -98.9683, 11.4452, 5.74184, 763.968, 3, 15, 0, 15, -nan, 5.51695, 8.09477e-319, 0, 11.4452, 5.74184, -2.42975, 0.630667, -0.19039, 1, 50;
2.549, -98.3892, 11.7269, 5.63473, 763.389, 3, 15, 0, 15, -nan, 5.39133, 8.09477e-319, 0, 11.7269, 5.63473, -2.53134, 0.764732, -0.226998, 1, 51;
2.599, -97.796, 12.0029, 5.52017, 762.796, 3, 15, 0, 15, -nan, 5.26221, 8.09477e-319, 0, 12.0029, 5.52017, -2.60394, 0.868916, -0.253778, 1, 52;
2.649, -97.1892, 12.2729, 5.3997, 762.189, 3, 15, 0, 15, -nan, 5.13078, 8.09477e-319, 0, 12.2729, 5.3997, -2.65204, 0.948352, -0.272706, 1, 53;
2.699, -96.5691, 12.5367, 5.27476, 761.569, 3, 15, 0, 15, -nan, 4.99805, 8.09477e-319, 0, 12.5367, 5.27476, -2.67968, 1.00742, -0.285404, 1, 54;
2.749, -95.9359, 12.794, 5.14662, 760.936, 3, 15, 0, 15, -nan, 4.86484, 8.09477e-319, 0, 12.794, 5.14662, -2.69032, 1.04979, -0.293189, 1, 55;
2.799, -95.29, 13.0448, 5.01639, 760.29, 3, 15, 0, 15, -nan, 4.73183, 8.09477e-319, 0, 13.0448, 5.01639, -2.68696, 1.07854, -0.297121, 1, 56;
2.849, -94.6318, 13.2891, 4.88502, 759.632, 3, 15, 0, 15, -nan, 4.59958, 8.09477e-319, 0, 13.2891, 4.88502, -2.67212, 1.09621, -0.298051, 1, 57;
2.899, -93.9615, 13.5267, 4.7533, 758.961, 3, 15, 0, 15, -nan, 4.46856, 8.09477e-319, 0, 13.5267, 4.7533, -2.64794, 1.10489, -0.296658, 1, 58;
2.949, -93.2794, 13.7578, 4.62189, 758.279, 3, 15, 0, 15, -nan, 4.33912, 8.09477e-319, 0, 13.7578, 4.62189, -2.6162, 1.1063, -0.293481, 1, 59;
2.999, -92.586, 13.9824, 4.49133, 757.586, 3, 15, 0, 15, -nan, 4.21157, 8.09477e-319, 0, 13.9824, 4.49133, -2.57839, 1.10187, -0.288952, 1, 60;
3.049, -91.8815, 14.2005, 4.36206, 756.882, 3, 15, 0, 15, -nan, 4.08614, 8.09477e-319, 0, 14.2005, 4.36206, -2.53578, 1.09276, -0.283412, 1, 61;
3.099, -91.1663, 14.4122, 4.23445, 756.166, 3, 15, 0, 15, -nan, 3.96301, 8.09477e-319, 0, 14.4122, 4.23445, -2.4894, 1.07993, -0.277132, 1, 62;
3.149, -90.4406, 14.6177, 4.10877, 755.441, 3, 15, 0, 15, -nan, 3.84232, 8.09477e-319, 0, 14.6177, 4.10877, -2.44012, 1.06415, -0.270326, 1, 63;
3.199, -89.7048, 14.8169, 3.98525, 754.705, 3, 15, 0, 15, -nan, 3.72419, 8.09477e-319, 0, 14.8169, 3.98525, -2.38866, 1.04609, -0.263164, 1, 64;
3.249, -88.9592, 15.0101, 3.86408, 753.959, 3, 15, 0, 15, -nan, 3.60868, 8.09477e-319, 0, 15.0101, 3.86408, -2.33562, 1.02627, -0.255778, 1, 65;
3.299, -88.2041, 15.1974, 3.74538, 753.204, 3, 15, 0, 15, -nan, 3.49586, 8.09477e-319, 0, 15.1974, 3.74538, -2.28151, 1.00511, -0.248274, 1, 66;
3.349, -87.4397, 15.3788, 3.62925, 752.44, 3, 15, 0, 15, -nan, 3.38574, 8.09477e-319, 0, 15.3788, 3.62925, -2.22675, 0.982988, -0.240734, 1, 67;
3.399, -86.6664, 15.5546, 3.51576, 751.666, 3, 15, 0, 15, -nan, 3.27835, 8.09477e-319, 0, 15.5546, 3.51576, -2.17167, 0.960187, -0.233222, 1, 68;
3.449, -85.8845, 15.7249, 3.40497, 750.884, 3, 15, 0, 15, -nan, 3.17369, 8.09477e-319, 0, 15.7249, 3.40497, -2.11655, 0.936948, -0.225786, 1, 69;
3.499, -85.0942, 15.8897, 3.29689, 750.094, 3, 15, 0, 15, -nan, 3.07174, 8.09477e-319, 0, 15.8897, 3.29689, -2.06164, 0.913466, -0.218464, 1, 70;
3.549, -84.2958, 16.0493, 3.19154, 749.296, 3, 15, 0, 15, -nan, 2.97249, 8.09477e-319, 0, 16.0493, 3.19154, -2.00713, 0.889903, -0.211285, 1, 71;
3.599, -83.4895, 16.2038, 3.08892, 748.489, 3, 15, 0, 15, -nan, 2.87591, 8.09477e-319, 0, 16.2038, 3.08892, -1.95318, 0.866388, -0.204269, 1, 72;
3.649, -82.6756, 16.3532, 2.989, 747.676, 3, 15, 0, 15, -nan, 2.78196, 8.09477e-319, 0, 16.3532, 2.989, -1.8999, 0.843026, -0.197431, 1, 73;
3.699, -81.8544, 16.4978, 2.89177, 746.854, 3, 15, 0, 15, -nan, 2.69061, 8.09477e-319, 0, 16.4978, 2.89177, -1.84742, 0.819902, -0.190781, 1, 74;
3.749, -81.026, 16.6377, 2.79719, 746.026, 3, 15, 0, 15, -nan, 2.60181, 8.09477e-319, 0, 16.6377, 2.79719, -1.7958, 0.797084, -0.184326, 1, 75;
3.799, -80.1908, 16.7729, 2.70524, 745.191, 3, 15, 0, 15, -nan, 2.51551, 8.09477e-319, 0, 16.7729, 2.70524, -1.74512, 0.774625, -0.178069, 1, 76;
3.849, -79.3489, 16.9037, 2.61586, 744.349, 3, 15, 0, 15, -nan, 2.43168, 8.09477e-319, 0, 16.9037, 2.61586, -1.69542, 0.752567, -0.172011, 1, 77;
3.899, -78.5006, 17.0302, 2.52901, 743.501, 3, 15, 0, 15, -nan, 2.35025, 8.09477e-319, 0, 17.0302, 2.52901, -1.64674, 0.730942, -0.166152, 1, 78;
3.949, -77.6461, 17.1524, 2.44464, 742.646, 3, 15, 0, 15, -nan, 2.27118, 8.09477e-319, 0, 17.1524, 2.44464, -1.59911, 0.709774, -0.160489, 1, 79;
3.999, -76.7856, 17.2705, 2.36271, 741.786, 3, 15, 0, 15, -nan, 2.19441, 8.09477e-319, 0, 17.2705, 2.36271, -1.55254, 0.689081, -0.15502, 1, 80;
4.049, -75.9192, 17.3847, 2.28316, 740.919, 3, 15, 0, 15, -nan, 2.11989, 8.09477e-319, 0, 17.3847, 2.28316, -1.50706, 0.668874, -0.14974, 2, 81;
4.099, -75.0473, 17.495, 2.20594, 740.047, 3, 15, 0, 15, -nan, 2.04756, 8.09477e-319, 0, 17.495, 2.20594, -1.46266, 0.649161, -0.144645, 2, 82;
4.149, -74.1699, 17.6015, 2.13098, 739.17, 3, 15, 0, 15, -nan, 1.97738, 8.09477e-319, 0, 17.6015, 2.13098, -1.41934, 0.629945, -0.13973, 2, 83;
4.199, -73.2873, 17.7044, 2.05825, 738.287, 3, 15, 0, 15, -nan, 1.90928, 8.09477e-319, 0, 17.7044, 2.05825, -1.3771, 0.611226, -0.134989, 2, 84;
4.249, -72.3996, 17.8038, 1.98769, 737.4, 3, 15, 0, 15, -nan, 1.84322, 8.09477e-319, 0, 17.8038, 1.98769, -1.33593, 0.593002, -0.130417, 2, 85;
4.299, -71.507, 17.8998, 1.91923, 736.507, 3, 15, 0, 15, -nan, 1.77914, 8.09477e-319, 0, 17.8998, 1.91923, -1.29582, 0.57527, -0.126008, 2, 86;
4.349, -70.6098, 17.9924, 1.85283, 735.61, 3, 15, 0, 15, -nan, 1.717, 8.09477e-319, 0, 17.9924, 1.85283, -1.25676, 0.558022, -0.121757, 2, 87;
4.399, -69.7079, 18.0819, 1.78843, 734.708, 3, 15, 0, 15, -nan, 1.65674, 8.09477e-319, 0, 18.0819, 1.78843, -1.21873, 0.541254, -0.117659, 2, 88;
4.449, -68.8017, 18.1681, 1.72599, 733.802, 3, 15, 0, 15, -nan, 1.5983, 8.09477e-319, 0, 18.1681, 1.72599, -1.18171, 0.524955, -0.113707, 2, 89;
4.499, -67.8912, 18.2514, 1.66544, 732.891, 3, 15, 0, 15, -nan, 1.54165, 8.09477e-319, 0, 18.2514, 1.66544, -1.14569, 0.509117, -0.109896, 2, 90;
4.549, -66.9767, 18.3318, 1.60674, 731.977, 3, 15, 0, 15, -nan, 1.48673, 8.09477e-319, 0, 18.3318, 1.60674, -1.11065, 0.49373, -0.106221, 2, 91;
4.599, -66.0582, 18.4093, 1.54984, 731.058, 3, 15, 0, 15, -nan, 1.4335, 8.09477e-319, 0, 18.4093, 1.54984, -1.07657, 0.478785, -0.102676, 2, 92;
4.649, -65.1359, 18.484, 1.49469, 730.136, 3, 15, 0, 15, -nan, 1.38191, 8.09477e-319, 0, 18.484, 1.49469, -1.04342, 0.46427, -0.0992572, 2, 93;
4.699, -64.2099, 18.556, 1.44123, 729.21, 3, 15, 0, 15, -nan, 1.33191, 8.09477e-319, 0, 18.556, 1.44123, -1.01119, 0.450176, -0.095959, 2, 94;
4.749, -63.2804, 18.6255, 1.38943, 728.28, 3, 15, 0, 15, -nan, 1.28346, 8.09477e-319, 0, 18.6255, 1.38943, -0.979853, 0.436492, -0.0927768, 2, 95;
4.799, -62.3474, 18.6925, 1.33923, 727.347, 3, 15, 0, 15, -nan, 1.23651, 8.09477e-319, 0, 18.6925, 1.33923, -0.949393, 0.423206, -0.0897061, 2, 96;
4.849, -61.4112, 18.757, 1.2906, 726.411, 3, 15, 0, 15, -nan, 1.19103, 8.09477e-319, 0, 18.757, 1.2906, -0.919788, 0.410308, -0.0867425, 2, 97;
4.899, -60.4718, 18.8192, 1.24348, 725.472, 3, 15, 0, 15, -nan, 1.14698, 8.09477e-319, 0, 18.8192, 1.24348, -0.891016, 0.397788, -0.0838818, 2, 98;
4.949, -59.5294, 18.8791, 1.19784, 724.529, 3, 15, 0, 15, -nan, 1.1043, 8.09477e-319, 0, 18.8791, 1.19784, -0.863056, 0.385634, -0.08112, 2, 99;
4.999, -58.584, 18.9368, 1.15363, 723.584, 3, 15, 0, 15, -nan, 1.06297, 8.09477e-319, 0, 18.9368, 1.15363, -0.835888, 0.373836, -0.0784532, 2, 100;
5.049, -57.6358, 18.9923, 1.11081, 722.636, 3, 15, 0, 15, -nan, 1.02295, 8.09477e-319, 0, 18.9923, 1.11081, -0.809492, 0.362385, -0.0758776, 2, 101;
5.099, -56.6849, 19.0458, 1.06934, 721.685, 3, 15, 0, 15, -nan, 0.984195, 8.09477e-319, 0, 19.0458, 1.06934, -0.783848, 0.35127, -0.0733899, 2, 102;
5.149, -55.7313, 19.0972, 1.02919, 720.731, 3, 15, 0, 15, -nan, 0.946672, 8.09477e-319, 0, 19.0972, 1.02919, -0.758937, 0.340481, -0.0709865, 2, 103;
5.199, -54.7752, 19.1467, 0.990306, 719.775, 3, 15, 0, 15, -nan, 0.910345, 8.09477e-319, 0, 19.1467, 0.990306, -0.734738, 0.330008, -0.0686642, 2, 104;
5.249, -53.8167, 19.1944, 0.952665, 718.817, 3, 15, 0, 15, -nan, 0.875181, 8.09477e-319, 0, 19.1944, 0.952665, -0.711233, 0.319843, -0.0664199, 2, 105;
5.299, -52.8559, 19.2402, 0.916227, 717.856, 3, 15, 0, 15, -nan, 0.841147, 8.09477e-319, 0, 19.2402, 0.916227, -0.688404, 0.309976, -0.0642505, 2, 106;
5.349, -51.8928, 19.2842, 0.880956, 716.893, 3, 15, 0, 15, -nan, 0.808209, 8.09477e-319, 0, 19.2842, 0.880956, -0.666233, 0.300399, -0.0621534, 2, 107;
5.399, -50.9275, 19.3266, 0.84682, 715.928, 3, 15, 0, 15, -nan, 0.776335, 8.09477e-319, 0, 19.3266, 0.84682, -0.644701, 0.291101, -0.0601256, 2, 108;
5.449, -49.9602, 19.3673, 0.813785, 714.96, 3, 15, 0, 15, -nan, 0.745497, 8.09477e-319, 0, 19.3673, 0.813785, -0.623792, 0.282077, -0.0581647, 2, 109;
5.499, -48.9908, 19.4064, 0.781819, 713.991, 3, 15, 0, 15, -nan, 0.715662, 8.09477e-319, 0, 19.4064, 0.781819, -0.603488, 0.273316, -0.0562681, 2, 110;
5.549, -48.0196, 19.4439, 0.750891, 713.02, 3, 15, 0, 15, -nan, 0.686803, 8.09477e-319, 0, 19.4439, 0.750891, -0.583773, 0.264811, -0.0544335, 2, 111;
5.599, -47.0465, 19.4799, 0.720971, 712.047, 3, 15, 0, 15, -nan, 0.65889, 8.09477e-319, 0, 19.4799, 0.720971, -0.564632, 0.256555, -0.0526585, 2, 112;
5.649, -46.0717, 19.5145, 0.69203, 711.072, 3, 15, 0, 15, -nan, 0.631897, 8.09477e-319, 0, 19.5145, 0.69203, -0.546047, 0.24854, -0.0509409, 2, 113;
5.699, -45.0951, 19.5477, 0.664038, 710.095, 3, 15, 0, 15, -nan, 0.605796, 8.09477e-319, 0, 19.5477, 0.664038, -0.528005, 0.240759, -0.0492788, 2, 114;
5.749, -44.1169, 19.5796, 0.636968, 709.117, 3, 15, 0, 15, -nan, 0.580562, 8.09477e-319, 0, 19.5796, 0.636968, -0.51049, 0.233206, -0.0476701, 2, 115;
5.799, -43.1372, 19.6101, 0.610793, 708.137, 3, 15, 0, 15, -nan, 0.556168, 8.09477e-319, 0, 19.6101, 0.610793, -0.493488, 0.225872, -0.0461128, 2, 116;
5.849, -42.156, 19.6394, 0.585486, 707.156, 3, 15, 0, 15, -nan, 0.532591, 8.09477e-319, 0, 19.6394, 0.585486, -0.476985, 0.218752, -0.0446052, 2, 117;
5.899, -41.1733, 19.6675, 0.561023, 706.173, 3, 15, 0, 15, -nan, 0.509806, 8.09477e-319, 0, 19.6675, 0.561023, -0.460966, 0.211839, -0.0431455, 2, 118;
5.949, -40.1893, 19.6943, 0.537377, 705.189, 3, 15, 0, 15, -nan, 0.48779, 8.09477e-319, 0, 19.6943, 0.537377, -0.445419, 0.205128, -0.041732, 2, 119;
5.999, -39.2039, 19.7201, 0.514526, 704.204, 3, 15, 0, 15, -nan, 0.466521, 8.09477e-319, 0, 19.7201, 0.514526, -0.43033, 0.198612, -0.0403631, 2, 120;
6.049, -38.2173, 19.7447, 0.492445, 703.217, 3, 15, 0, 15, -nan, 0.445975, 8.09477e-319, 0, 19.7447, 0.492445, -0.415688, 0.192286, -0.0390373, 2, 121;
6.099, -37.2295, 19.7682, 0.471112, 702.229, 3, 15, 0, 15, -nan, 0.426133, 8.09477e-319, 0, 19.7682, 0.471112, -0.401479, 0.186143, -0.0377531, 2, 122;
6.149, -36.2405, 19.7908, 0.450504, 701.241, 3, 15, 0, 15, -nan, 0.406972, 8.09477e-319, 0, 19.7908, 0.450504, -0.387692, 0.18018, -0.036509, 2, 123;
6.199, -35.2504, 19.8123, 0.4306, 700.25, 3, 15, 0, 15, -nan, 0.388474, 8.09477e-319, 0, 19.8123, 0.4306, -0.374315, 0.17439, -0.0353038, 2, 124;
6.249, -34.2593, 19.8329, 0.411379, 699.259, 3, 15, 0, 15, -nan, 0.370617, 8.09477e-319, 0, 19.8329, 0.411379, -0.361337, 0.168768, -0.0341361, 2, 125;
6.299, -33.2672, 19.8525, 0.392821, 698.267, 3, 15, 0, 15, -nan, 0.353382, 8.09477e-319, 0, 19.8525, 0.392821, -0.348746, 0.16331, -0.0330046, 2, 126;
6.349, -32.2741, 19.8712, 0.374905, 697.274, 3, 15, 0, 15, -nan, 0.336752, 8.09477e-319, 0, 19.8712, 0.374905, -0.336533, 0.158011, -0.0319082, 2, 127;
6.399, -31.2801, 19.8891, 0.357613, 696.28, 3, 15, 0, 15, -nan, 0.320708, 8.09477e-319, 0, 19.8891, 0.357613, -0.324686, 0.152866, -0.0308457, 2, 128;
6.449, -30.2852, 19.9062, 0.340925, 695.285, 3, 15, 0, 15, -nan, 0.305232, 8.09477e-319, 0, 19.9062, 0.340925, -0.313195, 0.147871, -0.029816, 2, 129;
6.499, -29.2895, 19.9224, 0.324825, 694.29, 3, 15, 0, 15, -nan, 0.290308, 8.09477e-319, 0, 19.9224, 0.324825, -0.302052, 0.143021, -0.028818, 2, 130;
6.549, -28.293, 19.9379, 0.309293, 693.293, 3, 15, 0, 15, -nan, 0.275917, 8.09477e-319, 0, 19.9379, 0.309293, -0.291245, 0.138314, -0.0278508, 2, 131;
6.599, -27.2957, 19.9526, 0.294312, 692.296, 3, 15, 0, 15, -nan, 0.262045, 8.09477e-319, 0, 19.9526, 0.294312, -0.280766, 0.133743, -0.0269132, 2, 132;
6.649, -26.2978, 19.9666, 0.279867, 691.298, 3, 15, 0, 15, -nan, 0.248676, 8.09477e-319, 0, 19.9666, 0.279867, -0.270606, 0.129306, -0.0260045, 2, 133;
6.699, -25.2991, 19.9799, 0.26594, 690.299, 3, 15, 0, 15, -nan, 0.235794, 8.09477e-319, 0, 19.9799, 0.26594, -0.260756, 0.124999, -0.0251236, 2, 134;
6.749, -24.2998, 19.9925, 0.252516, 689.3, 3, 15, 0, 15, -nan, 0.223383, 8.09477e-319, 0, 19.9925, 0.252516, -0.251207, 0.120818, -0.0242697, 2, 135;
6.799, -23.2999, 20.0045, 0.23958, 688.3, 3, 15, 0, 15, -nan, 0.211431, 8.09477e-319, 0, 20.0045, 0.23958, -0.241952, 0.116759, -0.0234419, 2, 136;
6.849, -22.2994, 20.0158, 0.227116, 687.299, 3, 15, 0, 15, -nan, 0.199922, 8.09477e-319, 0, 20.0158, 0.227116, -0.232981, 0.11282, -0.0226395, 2, 137;
6.899, -21.2983, 20.0266, 0.21511, 686.298, 3, 15, 0, 15, -nan, 0.188844, 8.09477e-319, 0, 20.0266, 0.21511, -0.224287, 0.108996, -0.0218616, 2, 138;
6.949, -20.2967, 20.0368, 0.203548, 685.297, 3, 15, 0, 15, -nan, 0.178181, 8.09477e-319, 0, 20.0368, 0.203548, -0.215862, 0.105285, -0.0211075, 2, 139;
6.999, -19.2947, 20.0464, 0.192417, 684.295, 3, 15, 0, 15, -nan, 0.167923, 8.09477e-319, 0, 20.0464, 0.192417, -0.2077, 0.101683, -0.0203765, 2, 140;
7.049, -18.2921, 20.0555, 0.181702, 683.292, 3, 15, 0, 15, -nan, 0.158055, 8.09477e-319, 0, 20.0555, 0.181702, -0.199792, 0.0981881, -0.0196679, 3, 141;
7.099, -17.2891, 20.0641, 0.171391, 682.289, 3, 15, 0, 15, -nan, 0.148567, 8.09477e-319, 0, 20.0641, 0.171391, -0.192131, 0.0947963, -0.0189809, 3, 142;
7.149, -16.2857, 20.0721, 0.161472, 681.286, 3, 15, 0, 15, -nan, 0.139445, 8.09477e-319, 0, 20.0721, 0.161472, -0.184711, 0.091505, -0.018315, 3, 143;
7.199, -15.2819, 20.0797, 0.151932, 680.282, 3, 15, 0, 15, -nan, 0.130679, 8.09477e-319, 0, 20.0797, 0.151932, -0.177525, 0.0883116, -0.0176694, 3, 144;
7.249, -14.2778, 20.0869, 0.142758, 679.278, 3, 15, 0, 15, -nan, 0.122256, 8.09477e-319, 0, 20.0869, 0.142758, -0.170567, 0.0852132, -0.0170437, 3, 145;
7.299, -13.2732, 20.0936, 0.133941, 678.273, 3, 15, 0, 15, -nan, 0.114167, 8.09477e-319, 0, 20.0936, 0.133941, -0.163829, 0.0822073, -0.0164372, 3, 146;
7.349, -12.2684, 20.0998, 0.125467, 677.268, 3, 15, 0, 15, -nan, 0.1064, 8.09477e-319, 0, 20.0998, 0.125467, -0.157306, 0.0792913, -0.0158493, 3, 147;
7.399, -11.2633, 20.1057, 0.117327, 676.263, 3, 15, 0, 15, -nan, 0.0989458, 8.09477e-319, 0, 20.1057, 0.117327, -0.150993, 0.0764627, -0.0152794, 3, 148;
7.449, -10.2579, 20.1112, 0.10951, 675.258, 3, 15, 0, 15, -nan, 0.0917935, 8.09477e-319, 0, 20.1112, 0.10951, -0.144882, 0.0737192, -0.0147272, 3, 149;
7.499, -9.25217, 20.1163, 0.102006, 674.252, 3, 15, 0, 15, -nan, 0.0849334, 8.09477e-319, 0, 20.1163, 0.102006, -0.138968, 0.0710584, -0.0141919, 3, 150;
7.549, -8.24624, 20.121, 0.0948032, 673.246, 3, 15, 0, 15, -nan, 0.0783563, 8.09477e-319, 0, 20.121, 0.0948032, -0.133247, 0.068478, -0.0136732, 3, 151;
7.599, -7.24008, 20.1254, 0.0878936, 672.24, 3, 15, 0, 15, -nan, 0.0720528, 8.09477e-319, 0, 20.1254, 0.0878936, -0.127711, 0.0659759, -0.0131706, 3, 152;
7.649, -6.2337, 20.1295, 0.0812671, 671.234, 3, 15, 0, 15, -nan, 0.066014, 8.09477e-319, 0, 20.1295, 0.0812671, -0.122357, 0.0635498, -0.0126835, 3, 153;
7.699, -5.22714, 20.1332, 0.0749146, 670.227, 3, 15, 0, 15, -nan, 0.0602311, 8.09477e-319, 0, 20.1332, 0.0749146, -0.117179, 0.0611978, -0.0122116, 3, 154;
7.749, -4.22039, 20.1367, 0.0688271, 669.22, 3, 15, 0, 15, -nan, 0.0546959, 8.09477e-319, 0, 20.1367, 0.0688271, -0.112171, 0.0589177, -0.0117543, 3, 155;
7.799, -3.21348, 20.1398, 0.0629959, 668.213, 3, 15, 0, 15, -nan, 0.0493999, 8.09477e-319, 0, 20.1398, 0.0629959, -0.10733, 0.0567076, -0.0113114, 3, 156;
7.849, -2.20642, 20.1427, 0.0574126, 667.206, 3, 15, 0, 15, -nan, 0.0443352, 8.09477e-319, 0, 20.1427, 0.0574126, -0.10265, 0.0545657, -0.0108823, 3, 157;
7.899, -1.19922, 20.1453, 0.0520689, 666.199, 3, 15, 0, 15, -nan, 0.0394941, 8.09477e-319, 0, 20.1453, 0.0520689, -0.0981276, 0.0524899, -0.0104667, 3, 158;
7.949, -0.191894, 20.1476, 0.0469569, 665.192, 3, 15, 0, 15, -nan, 0.0348691, 8.09477e-319, 0, 20.1476, 0.0469569, -0.0937569, 0.0504785, -0.0100641, 3, 159;
7.999, 0.81554, 20.1497, 0.0420688, 664.184, 3, 15, 0, 15, -nan, 0.0304527, 8.09477e-319, 0, 20.1497, 0.0420688, -0.0895343, 0.0485298, -0.00967427, 3, 160;
8.049, 1.82307, 20.1516, 0.0373971, 663.177, 3, 15, 0, 15, -nan, 0.026238, 8.09477e-319, 0, 20.1516, 0.0373971, -0.0854553, 0.046642, -0.00929677, 3, 161;
8.099, 2.8307, 20.1533, 0.0329345, 662.169, 3, 15, 0, 15, -nan, 0.0222179, 8.09477e-319, 0, 20.1533, 0.0329345, -0.0815159, 0.0448135, -0.00893124, 3, 162;
8.149, 3.8384, 20.1547, 0.0286739, 661.162, 3, 15, 0, 15, -nan, 0.0183858, 8.09477e-319, 0, 20.1547, 0.0286739, -0.077712, 0.0430425, -0.00857737, 3, 163;
8.199, 4.84616, 20.1559, 0.0246084, 660.154, 3, 15, 0, 15, -nan, 0.0147352, 8.09477e-319, 0, 20.1559, 0.0246084, -0.0740397, 0.0413276, -0.0082348, 3, 164;
8.249, 5.85398, 20.157, 0.0207313, 659.146, 3, 15, 0, 15, -nan, 0.0112598, 8.09477e-319, 0, 20.157, 0.0207313, -0.0704952, 0.0396672, -0.00790322, 3, 165;
8.299, 6.86185, 20.1578, 0.0170361, 658.138, 3, 15, 0, 15, -nan, 0.00795342, 8.09477e-319, 0, 20.1578, 0.0170361, -0.0670747, 0.0380598, -0.00758232, 3, 166;
8.349, 7.86976, 20.1585, 0.0135165, 657.13, 3, 15, 0, 15, -nan, 0.00481009, 8.09477e-319, 0, 20.1585, 0.0135165, -0.0637747, 0.0365038, -0.00727179, 3, 167;
8.399, 8.8777, 20.159, 0.0101663, 656.122, 3, 15, 0, 15, -nan, 0.00182404, 8.09477e-319, 0, 20.159, 0.0101663, -0.0605915, 0.034998, -0.00697134, 3, 168;
8.449, 9.88566, 20.1593, 0.00697965, 655.114, 3, 15, 0, 15, -nan, -0.00101033, 8.09477e-319, 0, 20.1593, 0.00697965, -0.0575218, 0.0335409, -0.00668067, 3, 169;
8.499, 10.8936, 20.1595, 0.00395074, 654.106, 3, 15, 0, 15, -nan, -0.00369847, 8.09477e-319, 0, 20.1595, 0.00395074, -0.0545621, 0.0321311, -0.00639951, 3, 170;
8.549, 11.9016, 20.1596, 0.00107396, 653.098, 3, 15, 0, 15, -nan, -0.00624567, 8.09477e-319, 0, 20.1596, 0.00107396, -0.0517093, 0.0307673, -0.00612759, 3, 171;
8.599, 12.9096, 20.1595, -0.00165612, 652.09, 3, 15, 0, 15, -nan, -0.00865704, 8.09477e-319, 0, 20.1595, -0.00165612, -0.0489601, 0.0294483, -0.00586465, 3, 172;
8.649, 13.9176, 20.1593, -0.00424479, 651.082, 3, 15, 0, 15, -nan, -0.0109376, 8.09477e-319, 0, 20.1593, -0.00424479, -0.0463114, 0.0281728, -0.00561042, 3, 173;
8.699, 14.9255, 20.159, -0.00669715, 650.074, 3, 15, 0, 15, -nan, -0.0130921, 8.09477e-319, 0, 20.159, -0.00669715, -0.0437603, 0.0269396, -0.00536466, 3, 174;
8.749, 15.9335, 20.1585, -0.00901818, 649.067, 3, 15, 0, 15, -nan, -0.0151252, 8.09477e-319, 0, 20.1585, -0.00901818, -0.0413038, 0.0257474, -0.00512712, 3, 175;
8.799, 16.9414, 20.1579, -0.0112127, 648.059, 3, 15, 0, 15, -nan, -0.0170416, 8.09477e-319, 0, 20.1579, -0.0112127, -0.038939, 0.0245952, -0.00489757, 3, 176;
8.849, 17.9492, 20.1573, -0.0132854, 647.051, 3, 15, 0, 15, -nan, -0.0188456, 8.09477e-319, 0, 20.1573, -0.0132854, -0.0366632, 0.0234818, -0.00467578, 3, 177;
8.899, 18.9571, 20.1565, -0.0152408, 646.043, 3, 15, 0, 15, -nan, -0.0205414, 8.09477e-319, 0, 20.1565, -0.0152408, -0.0344736, 0.0224061, -0.00446153, 3, 178;
8.949, 19.9649, 20.1557, -0.0170832, 645.035, 3, 15, 0, 15, -nan, -0.0221332, 8.09477e-319, 0, 20.1557, -0.0170832, -0.0323676, 0.021367, -0.00425459, 3, 179;
8.999, 20.9727, 20.1547, -0.018817, 644.027, 3, 15, 0, 15, -nan, -0.023625, 8.09477e-319, 0, 20.1547, -0.018817, -0.0303427, 0.0203636, -0.00405476, 3, 180;
9.049, 21.9804, 20.1537, -0.0204463, 643.02, 3, 15, 0, 15, -nan, -0.0250207, 8.09477e-319, 0, 20.1537, -0.0204463, -0.0283963, 0.0193947, -0.00386184, 3, 181;
9.099, 22.988, 20.1526, -0.0219751, 642.012, 3, 15, 0, 15, -nan, -0.026324, 8.09477e-319, 0, 20.1526, -0.0219751, -0.026526, 0.0184593, -0.00367561, 3, 182;
9.149, 23.9956, 20.1514, -0.0234073, 641.004, 3, 15, 0, 15, -nan, -0.0275386, 8.09477e-319, 0, 20.1514, -0.0234073, -0.0247294, 0.0175566, -0.00349589, 3, 183;
9.199, 25.0032, 20.1502, -0.0247465, 639.997, 3, 15, 0, 15, -nan, -0.0286681, 8.09477e-319, 0, 20.1502, -0.0247465, -0.0230043, 0.0166856, -0.00332249, 3, 184;
9.249, 26.0107, 20.1489, -0.0259966, 638.989, 3, 15, 0, 15, -nan, -0.0297158, 8.09477e-319, 0, 20.1489, -0.0259966, -0.0213484, 0.0158454, -0.00315521, 3, 185;
9.299, 27.0181, 20.1475, -0.0271609, 637.982, 3, 15, 0, 15, -nan, -0.0306851, 8.09477e-319, 0, 20.1475, -0.0271609, -0.0197594, 0.015035, -0.00299389, 3, 186;
9.349, 28.0254, 20.1461, -0.028243, 636.975, 3, 15, 0, 15, -nan, -0.0315791, 8.09477e-319, 0, 20.1461, -0.028243, -0.0182353, 0.0142536, -0.00283835, 3, 187;
9.399, 29.0327, 20.1447, -0.0292461, 635.967, 3, 15, 0, 15, -nan, -0.032401, 8.09477e-319, 0, 20.1447, -0.0292461, -0.0167741, 0.0135003, -0.00268841, 3, 188;
9.449, 30.0399, 20.1432, -0.0301735, 634.96, 3, 15, 0, 15, -nan, -0.0331538, 8.09477e-319, 0, 20.1432, -0.0301735, -0.0153736, 0.0127744, -0.00254391, 3, 189;
9.499, 31.047, 20.1416, -0.0310281, 633.953, 3, 15, 0, 15, -nan, -0.0338404, 8.09477e-319, 0, 20.1416, -0.0310281, -0.0140319, 0.0120749, -0.00240468, 3, 190;
9.549, 32.054, 20.14, -0.0318132, 632.946, 3, 15, 0, 15, -nan, -0.0344636, 8.09477e-319, 0, 20.14, -0.0318132, -0.0127472, 0.0114012, -0.00227058, 3, 191;
9.599, 33.061, 20.1384, -0.0325315, 631.939, 3, 15, 0, 15, -nan, -0.0350261, 8.09477e-319, 0, 20.1384, -0.0325315, -0.0115175, 0.0107525, -0.00214145, 3, 192;
9.649, 34.0679, 20.1367, -0.0331859, 630.932, 3, 15, 0, 15, -nan, -0.0355305, 8.09477e-319, 0, 20.1367, -0.0331859, -0.0103411, 0.0101279, -0.00201713, 3, 193;
9.699, 35.0747, 20.135, -0.0337791, 629.925, 3, 15, 0, 15, -nan, -0.0359795, 8.09477e-319, 0, 20.135, -0.0337791, -0.00921628, 0.00952689, -0.00189749, 3, 194;
9.749, 36.0814, 20.1333, -0.0343137, 628.919, 3, 15, 0, 15, -nan, -0.0363754, 8.09477e-319, 0, 20.1333, -0.0343137, -0.00814122, 0.00894862, -0.00178238, 3, 195;
9.799, 37.088, 20.1316, -0.0347923, 627.912, 3, 15, 0, 15, -nan, -0.0367207, 8.09477e-319, 0, 20.1316, -0.0347923, -0.00711431, 0.00839244, -0.00167167, 3, 196;
9.849, 38.0945, 20.1298, -0.0352174, 626.905, 3, 15, 0, 15, -nan, -0.0370176, 8.09477e-319, 0, 20.1298, -0.0352174, -0.00613394, 0.00785768, -0.00156521, 3, 197;
9.899, 39.101, 20.128, -0.0355913, 625.899, 3, 15, 0, 15, -nan, -0.0372684, 8.09477e-319, 0, 20.128, -0.0355913, -0.00519854, 0.00734368, -0.00146288, 3, 198;
9.949, 40.1073, 20.1262, -0.0359163, 624.893, 3, 15, 0, 15, -nan, -0.0374752, 8.09477e-319, 0, 20.1262, -0.0359163, -0.00430658, 0.0068498, -0.00136456, 3, 199;
9.999, 41.1136, 20.1244, -0.0361947, 623.886, 3, 15, 0, 15, -nan, -0.0376401, 8.09477e-319, 0, 20.1244, -0.0361947, -0.0034566, 0.00637542, -0.00127011, 3, 200;
10.049, 42.1198, 20.1226, -0.0364286, 622.88, 3, 15, 0, 15, -nan, -0.0377651, 8.09477e-319, 0, 20.1226, -0.0364286, -0.00264714, 0.00591994, -0.00117942, 3, 201;
10.099, 43.1259, 20.1208, -0.03662, 621.874, 3, 15, 0, 15, -nan, -0.0378522, 8.09477e-319, 0, 20.1208, -0.03662, -0.0018768, 0.00548277, -0.00109237, 3, 202;
10.149, 44.1319, 20.1189, -0.0367711, 620.868, 3, 15, 0, 15, -nan, -0.0379031, 8.09477e-319, 0, 20.1189, -0.0367711, -0.00114423, 0.00506333, -0.00100885, 3, 203;
10.199, 45.1378, 20.1171, -0.0368837, 619.862, 3, 15, 0, 15, -nan, -0.0379197, 8.09477e-319, 0, 20.1171, -0.0368837, -0.000448112, 0.00466106, -0.000928747, 3, 204;
10.249, 46.1436, 20.1153, -0.0369597, 618.856, 3, 15, 0, 15, -nan, -0.0379037, 8.09477e-319, 0, 20.1153, -0.0369597, 0.000212846, 0.00427543, -0.000851947, 3, 205;
10.299, 47.1493, 20.1134, -0.0370009, 617.851, 3, 15, 0, 15, -nan, -0.0378569, 8.09477e-319, 0, 20.1134, -0.0370009, 0.000839887, 0.0039059, -0.000778349, 3, 206;
10.349, 48.1549, 20.1116, -0.0370091, 616.845, 3, 15, 0, 15, -nan, -0.0377807, 8.09477e-319, 0, 20.1116, -0.0370091, 0.00143422, 0.00355195, -0.000707851, 3, 207;
10.399, 49.1605, 20.1097, -0.0369859, 615.84, 3, 15, 0, 15, -nan, -0.0376769, 8.09477e-319, 0, 20.1097, -0.0369859, 0.00199703, 0.00321308, -0.000640351, 3, 208;
10.449, 50.1659, 20.1079, -0.0369329, 614.834, 3, 15, 0, 15, -nan, -0.0375468, 8.09477e-319, 0, 20.1079, -0.0369329, 0.00252944, 0.00288881, -0.000575754, 3, 209;
10.499, 51.1712, 20.106, -0.0368518, 613.829, 3, 15, 0, 15, -nan, -0.037392, 8.09477e-319, 0, 20.106, -0.0368518, 0.00303258, 0.00257866, -0.000513965, 3, 210;
10.549, 52.1765, 20.1042, -0.036744, 612.823, 3, 15, 0, 15, -nan, -0.0372138, 8.09477e-319, 0, 20.1042, -0.036744, 0.00350751, 0.00228216, -0.000454892, 3, 211;
10.599, 53.1817, 20.1023, -0.0366109, 611.818, 3, 15, 0, 15, -nan, -0.0370135, 8.09477e-319, 0, 20.1023, -0.0366109, 0.00395527, 0.00199887, -0.000398445, 3, 212;
10.649, 54.1867, 20.1005, -0.036454, 610.813, 3, 15, 0, 15, -nan, -0.0367925, 8.09477e-319, 0, 20.1005, -0.036454, 0.00437689, 0.00172835, -0.000344538, 3, 213;
10.699, 55.1917, 20.0987, -0.0362746, 609.808, 3, 15, 0, 15, -nan, -0.036552, 8.09477e-319, 0, 20.0987, -0.0362746, 0.00477334, 0.00147017, -0.000293086, 3, 214;
10.749, 56.1966, 20.0969, -0.0360741, 608.803, 3, 15, 0, 15, -nan, -0.0362932, 8.09477e-319, 0, 20.0969, -0.0360741, 0.00514558, 0.00122391, -0.000244006, 3, 215;
10.799, 57.2014, 20.0951, -0.0358535, 607.799, 3, 15, 0, 15, -nan, -0.0360173, 8.09477e-319, 0, 20.0951, -0.0358535, 0.00549453, 0.000989183, -0.000197219, 3, 216;
10.849, 58.2061, 20.0933, -0.0356143, 606.794, 3, 15, 0, 15, -nan, -0.0357253, 8.09477e-319, 0, 20.0933, -0.0356143, 0.00582109, 0.000765585, -0.000152647, 3, 217;
10.899, 59.2107, 20.0916, -0.0353575, 605.789, 3, 15, 0, 15, -nan, -0.0354183, 8.09477e-319, 0, 20.0916, -0.0353575, 0.00612613, 0.000552738, -0.000110214, 3, 218;
10.949, 60.2153, 20.0898, -0.0350842, 604.785, 3, 15, 0, 15, -nan, -0.0350973, 8.09477e-319, 0, 20.0898, -0.0350842, 0.00641048, 0.000350272, -6.98464e-05, 3, 219;
10.999, 61.2197, 20.0881, -0.0347955, 603.78, 3, 15, 0, 15, -nan, -0.0347634, 8.09477e-319, 0, 20.0881, -0.0347955, 0.00667498, 0.000157825, -3.1473e-05, 3, 220;
11.049, 62.2241, 20.0863, -0.0344924, 602.776, 3, 15, 0, 15, -nan, -0.0344174, 8.09477e-319, 0, 20.0863, -0.0344924, 0.00692041, -2.49506e-05, 4.97581e-06, 3, 221;
11.099, 63.2284, 20.0846, -0.0341759, 601.772, 3, 15, 0, 15, -nan, -0.0340603, 8.09477e-319, 0, 20.0846, -0.0341759, 0.00714753, -0.000198397, 3.95676e-05, 3, 222;
11.149, 64.2326, 20.0829, -0.033847, 600.767, 3, 15, 0, 15, -nan, -0.0336929, 8.09477e-319, 0, 20.0829, -0.033847, 0.0073571, -0.000362843, 7.2368e-05, 3, 223;
11.199, 65.2367, 20.0813, -0.0335066, 599.763, 3, 15, 0, 15, -nan, -0.033316, 8.09477e-319, 0, 20.0813, -0.0335066, 0.00754982, -0.000518612, 0.000103441, 3, 224;
11.249, 66.2407, 20.0796, -0.0331555, 598.759, 3, 15, 0, 15, -nan, -0.0329305, 8.09477e-319, 0, 20.0796, -0.0331555, 0.0077264, -0.000666014, 0.000132848, 3, 225;
11.299, 67.2446, 20.078, -0.0327945, 597.755, 3, 15, 0, 15, -nan, -0.0325371, 8.09477e-319, 0, 20.078, -0.0327945, 0.00788752, -0.000805353, 0.000160649, 3, 226;
11.349, 68.2485, 20.0764, -0.0324246, 596.752, 3, 15, 0, 15, -nan, -0.0321366, 8.09477e-319, 0, 20.0764, -0.0324246, 0.00803383, -0.000936924, 0.000186903, 3, 227;
11.399, 69.2523, 20.0748, -0.0320464, 595.748, 3, 15, 0, 15, -nan, -0.0317296, 8.09477e-319, 0, 20.0748, -0.0320464, 0.00816595, -0.00106101, 0.000211667, 3, 228;
11.449, 70.256, 20.0732, -0.0316607, 594.744, 3, 15, 0, 15, -nan, 0.0697989, 8.09477e-319, 0, 20.0732, -0.0316607, 2.0654, -1.40112, 0.317936, 3, 229;
11.499, 71.2596, 20.0727, -0.00999318, 593.74, 3, 15, 0, 15, -nan, 0.170179, 8.09477e-319, 0, 20.0727, -0.00999318, 2.04212, -1.389, 0.31527, 3, 230;
11.549, 72.2633, 20.0749, 0.044593, 592.737, 3, 15, 0, 15, -nan, 0.267605, 8.09477e-319, 0, 20.0749, 0.044593, 1.98227, -1.3577, 0.308398, 3, 231;
11.599, 73.2671, 20.0809, 0.119867, 591.733, 3, 15, 0, 15, -nan, 0.360902, 8.09477e-319, 0, 20.0809, 0.119867, 1.8986, -1.3138, 0.298751, 3, 232;
11.649, 74.2714, 20.0911, 0.2046, 590.729, 3, 15, 0, 15, -nan, 0.449482, 8.09477e-319, 0, 20.0911, 0.2046, 1.80301, -1.26341, 0.287666, 3, 233;
11.699, 75.2763, 20.1057, 0.291931, 589.724, 3, 15, 0, 15, -nan, 0.533119, 8.09477e-319, 0, 20.1057, 0.291931, 1.70282, -1.21033, 0.275971, 3, 234;
11.749, 76.282, 20.1246, 0.378155, 588.718, 3, 15, 0, 15, -nan, 0.611783, 8.09477e-319, 0, 20.1246, 0.378155, 1.60204, -1.15664, 0.264122, 3, 235;
11.799, 77.2888, 20.1477, 0.461374, 587.711, 3, 15, 0, 15, -nan, 0.68555, 8.09477e-319, 0, 20.1477, 0.461374, 1.50278, -1.10346, 0.252361, 3, 236;
11.849, 78.2968, 20.1747, 0.540662, 586.703, 3, 15, 0, 15, -nan, 0.75455, 8.09477e-319, 0, 20.1747, 0.540662, 1.40611, -1.05133, 0.240814, 3, 237;
11.899, 79.3063, 20.2055, 0.615605, 585.694, 3, 15, 0, 15, -nan, 0.818934, 8.09477e-319, 0, 20.2055, 0.615605, 1.31257, -1.00057, 0.229545, 3, 238;
11.949, 80.3174, 20.2398, 0.686068, 584.683, 3, 15, 0, 15, -nan, 0.878871, 8.09477e-319, 0, 20.2398, 0.686068, 1.22238, -0.951293, 0.218585, 3, 239;
11.999, 81.3303, 20.2774, 0.752059, 583.67, 3, 15, 0, 15, -nan, 0.93453, 8.09477e-319, 0, 20.2774, 0.752059, 1.13564, -0.903562, 0.207946, 3, 240;
12.049, 82.3451, 20.3181, 0.813664, 582.655, 3, 15, 0, 15, -nan, 0.986081, 8.09477e-319, 0, 20.3181, 0.813664, 1.05232, -0.857386, 0.197631, 3, 241;
12.099, 83.3621, 20.3616, 0.871008, 581.638, 3, 15, 0, 15, -nan, 1.03369, 8.09477e-319, 0, 20.3616, 0.871008, 0.972374, -0.812751, 0.187639, 3, 242;
12.149, 84.3813, 20.4079, 0.924238, 580.619, 3, 15, 0, 15, -nan, 1.07752, 8.09477e-319, 0, 20.4079, 0.924238, 0.895735, -0.769631, 0.177965, 3, 243;
12.199, 85.4028, 20.4565, 0.973507, 579.597, 3, 15, 0, 15, -nan, 1.11773, 8.09477e-319, 0, 20.4565, 0.973507, 0.822312, -0.727993, 0.168603, 3, 244;
12.249, 86.4269, 20.5075, 1.01897, 578.573, 3, 15, 0, 15, -nan, 1.15448, 8.09477e-319, 0, 20.5075, 1.01897, 0.752014, -0.687802, 0.159545, 3, 245;
12.299, 87.4536, 20.5605, 1.06078, 577.546, 3, 15, 0, 15, -nan, 1.18791, 8.09477e-319, 0, 20.5605, 1.06078, 0.684747, -0.649023, 0.150785, 3, 246;
12.349, 88.4829, 20.6155, 1.0991, 576.517, 3, 15, 0, 15, -nan, 1.21817, 8.09477e-319, 0, 20.6155, 1.0991, 0.620418, -0.611619, 0.142316, 3, 247;
12.399, 89.5151, 20.6722, 1.13407, 575.485, 3, 15, 0, 15, -nan, 1.2454, 8.09477e-319, 0, 20.6722, 1.13407, 0.558937, -0.575554, 0.134132, 3, 248;
12.449, 90.5501, 20.7305, 1.16583, 574.45, 3, 15, 0, 15, -nan, 1.26585, 8.09477e-319, 0, 20.7305, 1.16583, 0.420436, -0.461696, 0.104019, 3, 249;
12.499, 91.5881, 20.7902, 1.19372, 573.412, 3, 15, 0, 15, -nan, 1.28342, 8.09477e-319, 0, 20.7902, 1.19372, 0.362067, -0.425696, 0.0957823, 3, 250;
12.549, 92.6291, 20.851, 1.21738, 572.371, 3, 15, 0, 15, -nan, 1.29834, 8.09477e-319, 0, 20.851, 1.21738, 0.308036, -0.392016, 0.0880819, 3, 251;
12.599, 93.6731, 20.9129, 1.23736, 571.327, 3, 15, 0, 15, -nan, 1.31078, 8.09477e-319, 0, 20.9129, 1.23736, 0.25782, -0.360397, 0.0808596, 3, 252;
12.649, 94.7203, 20.9756, 1.25421, 570.28, 3, 15, 0, 15, -nan, 1.32091, 8.09477e-319, 0, 20.9756, 1.25421, 0.210901, -0.330575, 0.0740567, 3, 253;
12.699, 95.7706, 21.039, 1.26831, 569.229, 3, 15, 0, 15, -nan, 1.32888, 8.09477e-319, 0, 21.039, 1.26831, 0.166914, -0.302367, 0.0676322, 3, 254;
12.749, 96.8242, 21.103, 1.27993, 568.176, 3, 15, 0, 15, -nan, 1.33482, 8.09477e-319, 0, 21.103, 1.27993, 0.125615, -0.275652, 0.0615584, 3, 255;
12.799, 97.8809, 21.1675, 1.28928, 567.119, 3, 15, 0, 15, -nan, 1.33885, 8.09477e-319, 0, 21.1675, 1.28928, 0.0868297, -0.250344, 0.0558154, 3, 256;
12.849, 98.9408, 21.2323, 1.29651, 566.059, 3, 15, 0, 15, -nan, 1.34109, 8.09477e-319, 0, 21.2323, 1.29651, 0.0504191, -0.226373, 0.0503874, 3, 257;
12.899, 100.004, 21.2974, 1.30178, 564.996, 3, 15, 0, 15, -nan, 1.34165, 8.09477e-319, 0, 21.2974, 1.30178, 0.0162664, -0.203682, 0.0452606, 3, 258;
12.949, 101.071, 21.3627, 1.3052, 563.929, 3, 15, 0, 15, -nan, 1.34064, 8.09477e-319, 0, 21.3627, 1.3052, -0.0157336, -0.182218, 0.0404221, 3, 259;
12.999, 102.14, 21.428, 1.3069, 562.86, 3, 15, 0, 15, -nan, 1.33815, 8.09477e-319, 0, 21.428, 1.3069, -0.0456789, -0.16193, 0.03586, 3, 260;
13.049, 103.213, 21.4934, 1.30699, 561.787, 3, 15, 0, 15, -nan, 1.33429, 8.09477e-319, 0, 21.4934, 1.30699, -0.0736625, -0.142772, 0.0315626, 3, 261;
13.099, 104.29, 21.5586, 1.30556, 560.71, 3, 15, 0, 15, -nan, 1.32915, 8.09477e-319, 0, 21.5586, 1.30556, -0.0997737, -0.124695, 0.0275185, 3, 262;
13.149, 105.369, 21.6238, 1.30272, 559.631, 3, 15, 0, 15, -nan, 1.32281, 8.09477e-319, 0, 21.6238, 1.30272, -0.124099, -0.107656, 0.0237166, 3, 263;
13.199, 106.452, 21.6887, 1.29856, 558.548, 3, 15, 0, 15, -nan, 1.31536, 8.09477e-319, 0, 21.6887, 1.29856, -0.14672, -0.0916083, 0.0201461, 3, 264;
13.249, 107.538, 21.7534, 1.29318, 557.462, 3, 15, 0, 15, -nan, 1.30688, 8.09477e-319, 0, 21.7534, 1.29318, -0.16772, -0.0765102, 0.0167963, 3, 265;
13.299, 108.627, 21.8177, 1.28665, 556.373, 3, 15, 0, 15, -nan, 1.29744, 8.09477e-319, 0, 21.8177, 1.28665, -0.187174, -0.0623189, 0.013657, 3, 266;
13.349, 109.72, 21.8816, 1.27906, 555.28, 3, 15, 0, 15, -nan, 1.28712, 8.09477e-319, 0, 21.8816, 1.27906, -0.205159, -0.0489936, 0.010718, 3, 267;
13.399, 110.815, 21.9452, 1.27048, 554.185, 3, 15, 0, 15, -nan, 1.27599, 8.09477e-319, 0, 21.9452, 1.27048, -0.221748, -0.0364943, 0.00796975, 3, 268;
13.449, 111.914, 22.0082, 1.26099, 553.086, 3, 15, 0, 15, -nan, 1.26411, 8.09477e-319, 0, 22.0082, 1.26099, -0.237009, -0.0247825, 0.0054027, 3, 269;
13.499, 113.016, 22.0707, 1.25066, 551.984, 3, 15, 0, 15, -nan, 1.25154, 8.09477e-319, 0, 22.0707, 1.25066, -0.251011, -0.0138207, 0.00300777, 3, 270;
13.549, 114.121, 22.1327, 1.23956, 550.879, 3, 15, 0, 15, -nan, 1.23835, 8.09477e-319, 0, 22.1327, 1.23956, -0.263819, -0.00357271, 0.000776192, 3, 271;
13.599, 115.229, 22.1941, 1.22774, 549.771, 3, 15, 0, 15, -nan, 1.22458, 8.09477e-319, 0, 22.1941, 1.22774, -0.275495, 0.0059962, -0.00130049, 3, 272;
13.649, 116.34, 22.2549, 1.21527, 548.66, 3, 15, 0, 15, -nan, 1.21029, 8.09477e-319, 0, 22.2549, 1.21527, -0.286099, 0.0149196, -0.0032304, 3, 273;
13.699, 117.455, 22.315, 1.20221, 547.545, 3, 15, 0, 15, -nan, 1.19554, 8.09477e-319, 0, 22.315, 1.20221, -0.295688, 0.02323, -0.00502133, 3, 274;
13.749, 118.572, 22.3744, 1.1886, 546.428, 3, 15, 0, 15, -nan, 1.18036, 8.09477e-319, 0, 22.3744, 1.1886, -0.304318, 0.0309582, -0.00668075, 3, 275;
13.799, 119.692, 22.4331, 1.1745, 545.308, 3, 15, 0, 15, -nan, 1.16481, 8.09477e-319, 0, 22.4331, 1.1745, -0.312041, 0.0381341, -0.00821581, 3, 276;
13.849, 120.815, 22.4911, 1.15996, 544.185, 3, 15, 0, 15, -nan, 1.14892, 8.09477e-319, 0, 22.4911, 1.15996, -0.318907, 0.0447863, -0.00963333, 3, 277;
13.899, 121.941, 22.5484, 1.14502, 543.059, 3, 15, 0, 15, -nan, 1.13273, 8.09477e-319, 0, 22.5484, 1.14502, -0.324966, 0.0509422, -0.0109399, 3, 278;
13.949, 123.07, 22.6049, 1.12973, 541.93, 3, 15, 0, 15, -nan, 1.11629, 8.09477e-319, 0, 22.6049, 1.12973, -0.330262, 0.056628, -0.0121416, 3, 279;
13.999, 124.201, 22.6606, 1.11412, 540.799, 3, 15, 0, 15, -nan, 1.09962, 8.09477e-319, 0, 22.6606, 1.11412, -0.33484, 0.0618687, -0.0132445, 3, 280;
14.049, 125.336, 22.7155, 1.09824, 539.664, 3, 15, 0, 15, -nan, 1.08277, 8.09477e-319, 0, 22.7155, 1.09824, -0.338742, 0.0666883, -0.0142542, 3, 281;
14.099, 126.473, 22.7696, 1.08212, 538.527, 3, 15, 0, 15, -nan, 1.06576, 8.09477e-319, 0, 22.7696, 1.08212, -0.342008, 0.0711097, -0.0151761, 3, 282;
14.149, 127.613, 22.8229, 1.06579, 537.387, 3, 15, 0, 15, -nan, 1.04862, 8.09477e-319, 0, 22.8229, 1.06579, -0.344676, 0.0751546, -0.0160152, 3, 283;
14.199, 128.755, 22.8754, 1.04929, 536.245, 3, 15, 0, 15, -nan, 1.03138, 8.09477e-319, 0, 22.8754, 1.04929, -0.346783, 0.078844, -0.0167765, 3, 284;
14.249, 129.9, 22.927, 1.03264, 535.1, 3, 15, 0, 15, -nan, 1.01406, 8.09477e-319, 0, 22.927, 1.03264, -0.348362, 0.0821977, -0.0174646, 3, 285;
14.299, 131.048, 22.9778, 1.01588, 533.952, 3, 15, 0, 15, -nan, 0.996693, 8.09477e-319, 0, 22.9778, 1.01588, -0.349448, 0.0852344, -0.0180838, 3, 286;
14.349, 132.198, 23.0277, 0.999035, 532.802, 3, 15, 0, 15, -nan, 0.979299, 8.09477e-319, 0, 23.0277, 0.999035, -0.35007, 0.0879724, -0.0186384, 3, 287;
14.399, 133.35, 23.0768, 0.982122, 531.65, 3, 15, 0, 15, -nan, 0.961898, 8.09477e-319, 0, 23.0768, 0.982122, -0.35026, 0.0904286, -0.0191321, 3, 288;
14.449, 134.505, 23.1251, 0.965168, 530.495, 3, 15, 0, 15, -nan, 0.944511, 8.09477e-319, 0, 23.1251, 0.965168, -0.350045, 0.0926193, -0.0195688, 3, 289;
14.499, 135.663, 23.1725, 0.948195, 529.337, 3, 15, 0, 15, -nan, 0.927156, 8.09477e-319, 0, 23.1725, 0.948195, -0.349453, 0.0945601, -0.019952, 3, 290;
14.549, 136.823, 23.2191, 0.931223, 528.177, 3, 15, 0, 15, -nan, 0.90985, 8.09477e-319, 0, 23.2191, 0.931223, -0.348508, 0.0962657, -0.020285, 3, 291;
14.599, 137.985, 23.2648, 0.914271, 527.015, 3, 15, 0, 15, -nan, 0.89261, 8.09477e-319, 0, 23.2648, 0.914271, -0.347235, 0.0977501, -0.0205711, 3, 292;
14.649, 139.149, 23.3096, 0.897357, 525.851, 3, 15, 0, 15, -nan, 0.875451, 8.09477e-319, 0, 23.3096, 0.897357, -0.345656, 0.0990265, -0.0208131, 3, 293;
14.699, 140.316, 23.3537, 0.880498, 524.684, 3, 15, 0, 15, -nan, 0.858385, 8.09477e-319, 0, 23.3537, 0.880498, -0.343795, 0.100108, -0.021014, 3, 294;
14.749, 141.484, 23.3969, 0.863709, 523.516, 3, 15, 0, 15, -nan, 0.841427, 8.09477e-319, 0, 23.3969, 0.863709, -0.34167, 0.101005, -0.0211764, 3, 295;
14.799, 142.655, 23.4392, 0.847003, 522.345, 3, 15, 0, 15, -nan, 0.824589, 8.09477e-319, 0, 23.4392, 0.847003, -0.339303, 0.101731, -0.0213028, 3, 296;
14.849, 143.828, 23.4807, 0.830395, 521.172, 3, 15, 0, 15, -nan, 0.80788, 8.09477e-319, 0, 23.4807, 0.830395, -0.336711, 0.102295, -0.0213957, 3, 297;
14.899, 145.003, 23.5214, 0.813897, 519.997, 3, 15, 0, 15, -nan, 0.791312, 8.09477e-319, 0, 23.5214, 0.813897, -0.333912, 0.102709, -0.0214572, 3, 298;
14.9, 145.003, 23.5214, 0.813897, 519.997, 3, 15, 0, 15, -nan, 0.774745, 8.09477e-319, 0, 23.5214, 0.813897, -0.333912, 0.102709, -0.0214572, 3, 299;
