time, dist, vel, acc, Sf, vmin, vmax, tmin, tmax, req_vel, req_acc, T, C0, C1, C2, C3, C4, C5, Fasullo;
0.049, -6.7331e-11, -8.83774e-08, -1.76755e-06, 160, 1, 50, 9.951, 34.951, -nan, 0.060433, 4.42683e-321, 0, -8.83774e-08, -1.76755e-06, 1.21782, -0.367144, 0.0368951, 1;
0.099, 7.88634e-06, 0.000493288, 0.00986752, 160, 1, 50, 9.901, 34.901, -nan, 0.121483, 4.42683e-321, 0, 0.000493288, 0.00986752, 1.2303, -0.373083, 0.0376814, 2;
0.149, 7.1797e-05, 0.00275511, 0.0452365, 160, 1, 50, 9.851, 34.851, -nan, 0.18238, 4.42683e-321, 0, 0.00275511, 0.0452365, 1.2273, -0.375157, 0.0380832, 3;
0.199, 0.000294515, 0.00876668, 0.120231, 160, 1, 50, 9.801, 34.801, -nan, 0.241898, 4.42683e-321, 0, 0.00876668, 0.120231, 1.19961, -0.370945, 0.0378477, 4;
0.249, 0.000792062, 0.0252996, 0.330659, 159.999, 1, 50, 9.751, 34.751, -nan, 0.29581, 4.42683e-321, 0, 0.0252996, 0.330659, 1.08683, -0.344808, 0.0353613, 5;
0.299, 0.00150554, 0.0320277, 0.134561, 159.998, 1, 50, 9.701, 34.701, -nan, 0.356635, 4.42683e-321, 0, 0.0320277, 0.134561, 1.22606, -0.383444, 0.0395262, 6;
0.349, 0.00320581, 0.0949536, 1.25852, 159.997, 1, 50, 9.651, 34.651, -nan, 0.383235, 4.42683e-321, 0, 0.0949536, 1.25852, 0.537185, -0.207519, 0.0215023, 7;
0.399, 0.00494107, 0.053709, -0.824891, 159.995, 1, 50, 9.601, 34.601, -nan, 0.475673, 4.42683e-321, 0, 0.053709, -0.824891, 1.86259, -0.555153, 0.0578224, 8;
0.449, 0.00680092, 0.0440037, -0.194106, 159.993, 1, 50, 9.551, 34.551, -nan, 0.549692, 4.42683e-321, 0, 0.0440037, -0.194106, 1.49191, -0.462229, 0.0483958, 9;
0.499, 0.00964106, 0.0688608, 0.497142, 159.99, 1, 50, 9.501, 34.501, -nan, 0.602929, 4.42683e-321, 0, 0.0688608, 0.497142, 1.07362, -0.355523, 0.0374196, 10;
0.549, 0.0140824, 0.102811, 0.679006, 159.986, 1, 50, 9.451, 34.451, -nan, 0.651162, 4.42683e-321, 0, 0.102811, 0.679006, 0.972919, -0.331636, 0.03509, 11;
0.599, 0.0201976, 0.136694, 0.677667, 159.98, 1, 50, 9.401, 34.401, -nan, 0.700152, 4.42683e-321, 0, 0.136694, 0.677667, 0.988233, -0.338363, 0.0359923, 12;
0.649, 0.0279506, 0.170431, 0.674728, 159.972, 1, 50, 9.351, 34.351, -nan, 0.749967, 4.42683e-321, 0, 0.170431, 0.674728, 1.00491, -0.345547, 0.036953, 13;
0.699, 0.0373625, 0.205218, 0.695735, 159.963, 1, 50, 9.301, 34.301, -nan, 0.799847, 4.42683e-321, 0, 0.205218, 0.695735, 1.0063, -0.348705, 0.0374912, 14;
0.749, 0.0485037, 0.241893, 0.733507, 159.951, 1, 50, 9.251, 34.251, -nan, 0.849245, 4.42683e-321, 0, 0.241893, 0.733507, 0.996654, -0.348917, 0.0377167, 15;
0.799, 0.0614679, 0.280829, 0.778712, 159.939, 1, 50, 9.201, 34.201, -nan, 0.897902, 4.42683e-321, 0, 0.280829, 0.778712, 0.981809, -0.347715, 0.037791, 16;
0.849, 0.0763573, 0.322101, 0.825456, 159.924, 1, 50, 9.151, 34.151, -nan, 0.945747, 4.42683e-321, 0, 0.322101, 0.825456, 0.965528, -0.346104, 0.0378214, 17;
0.899, 0.0932759, 0.365734, 0.872655, 159.907, 1, 50, 9.101, 34.101, -nan, 0.992742, 4.42683e-321, 0, 0.365734, 0.872655, 0.94849, -0.344262, 0.0378268, 18;
0.949, 0.112328, 0.41179, 0.921119, 159.888, 1, 50, 9.051, 34.051, -nan, 1.03882, 4.42683e-321, 0, 0.41179, 0.921119, 0.930129, -0.342028, 0.037789, 19;
0.999, 0.133618, 0.460217, 0.968546, 159.866, 1, 50, 9.001, 34.001, -nan, 1.084, 4.42683e-321, 0, 0.460217, 0.968546, 0.911962, -0.339818, 0.0377533, 20;
1.049, 0.157246, 0.51101, 1.01586, 159.843, 1, 50, 8.951, 33.951, -nan, 1.12824, 4.42683e-321, 0, 0.51101, 1.01586, 0.893367, -0.337456, 0.0377004, 21;
1.099, 0.183313, 0.564065, 1.06109, 159.817, 1, 50, 8.901, 33.901, -nan, 1.17161, 4.42683e-321, 0, 0.564065, 1.06109, 0.875673, -0.335316, 0.0376718, 22;
1.149, 0.211916, 0.619382, 1.10635, 159.788, 1, 50, 8.851, 33.851, -nan, 1.21407, 4.42683e-321, 0, 0.619382, 1.10635, 0.85747, -0.333002, 0.0376231, 23;
1.199, 0.243149, 0.676971, 1.15177, 159.757, 1, 50, 8.801, 33.801, -nan, 1.25559, 4.42683e-321, 0, 0.676971, 1.15177, 0.838634, -0.330475, 0.0375497, 24;
1.249, 0.277105, 0.736879, 1.19816, 159.723, 1, 50, 8.751, 33.751, -nan, 1.29611, 4.42683e-321, 0, 0.736879, 1.19816, 0.818599, -0.327568, 0.0374321, 25;
1.299, 0.313874, 0.798956, 1.24154, 159.686, 1, 50, 8.701, 33.701, -nan, 1.33571, 4.42683e-321, 0, 0.798956, 1.24154, 0.800106, -0.325064, 0.0373594, 26;
1.349, 0.35354, 0.863179, 1.28445, 159.646, 1, 50, 8.651, 33.651, -nan, 1.37438, 4.42683e-321, 0, 0.863179, 1.28445, 0.781413, -0.322467, 0.0372751, 27;
1.399, 0.396183, 0.929422, 1.32486, 159.604, 1, 50, 8.601, 33.601, -nan, 1.41218, 4.42683e-321, 0, 0.929422, 1.32486, 0.763959, -0.320193, 0.0372275, 28;
1.449, 0.441882, 0.997241, 1.35639, 159.558, 1, 50, 8.551, 33.551, -nan, 1.4494, 4.42683e-321, 0, 0.997241, 1.35639, 0.752325, -0.319594, 0.037375, 29;
1.499, 0.490715, 1.06633, 1.38182, 159.509, 1, 50, 8.501, 33.501, -nan, 1.48623, 4.42683e-321, 0, 1.06633, 1.38182, 0.744707, -0.32017, 0.0376626, 30;
1.549, 0.542764, 1.13688, 1.41096, 159.457, 1, 50, 8.451, 33.451, -nan, 1.52254, 4.42683e-321, 0, 1.13688, 1.41096, 0.734176, -0.319891, 0.0378525, 31;
1.599, 0.598122, 1.20902, 1.44271, 159.402, 1, 50, 8.401, 33.401, -nan, 1.55822, 4.42683e-321, 0, 1.20902, 1.44271, 0.72142, -0.318945, 0.0379651, 32;
1.649, 0.656885, 1.28275, 1.4747, 159.343, 1, 50, 8.351, 33.351, -nan, 1.59322, 4.42683e-321, 0, 1.28275, 1.4747, 0.708108, -0.317817, 0.0380574, 33;
1.699, 0.719154, 1.35811, 1.50724, 159.281, 1, 50, 8.301, 33.301, -nan, 1.62753, 4.42683e-321, 0, 1.35811, 1.50724, 0.693985, -0.316429, 0.0381193, 34;
1.749, 0.785032, 1.4351, 1.53968, 159.215, 1, 50, 8.251, 33.251, -nan, 1.66111, 4.42683e-321, 0, 1.4351, 1.53968, 0.679502, -0.31491, 0.0381663, 35;
1.799, 0.854622, 1.51371, 1.57225, 159.145, 1, 50, 8.201, 33.201, -nan, 1.69395, 4.42683e-321, 0, 1.51371, 1.57225, 0.664484, -0.313205, 0.0381911, 36;
1.849, 0.92803, 1.59392, 1.60421, 159.072, 1, 50, 8.151, 33.151, -nan, 1.72603, 4.42683e-321, 0, 1.59392, 1.60421, 0.649455, -0.311471, 0.0382126, 37;
1.899, 1.00536, 1.67571, 1.63583, 158.995, 1, 50, 8.101, 33.101, -nan, 1.75736, 4.42683e-321, 0, 1.67571, 1.63583, 0.634219, -0.309646, 0.0382232, 38;
1.949, 1.08672, 1.75908, 1.66736, 158.913, 1, 50, 8.051, 33.051, -nan, 1.7879, 4.42683e-321, 0, 1.75908, 1.66736, 0.618582, -0.307669, 0.038215, 39;
1.999, 1.1722, 1.84401, 1.69862, 158.828, 1, 50, 8.001, 33.001, -nan, 1.81765, 4.42683e-321, 0, 1.84401, 1.69862, 0.602655, -0.30557, 0.0381915, 40;
2.049, 1.26192, 1.93049, 1.72951, 158.738, 1, 50, 7.951, 32.951, -nan, 1.8466, 4.42683e-321, 0, 1.93049, 1.72951, 0.586513, -0.303371, 0.038155, 41;
2.099, 1.35598, 2.01848, 1.75984, 158.644, 1, 50, 7.901, 32.901, -nan, 1.87474, 4.42683e-321, 0, 2.01848, 1.75984, 0.570297, -0.301114, 0.0381108, 42;
2.149, 1.45446, 2.10796, 1.78956, 158.546, 1, 50, 7.851, 32.851, -nan, 1.90207, 4.42683e-321, 0, 2.10796, 1.78956, 0.554032, -0.298805, 0.0380595, 43;
2.199, 1.55748, 2.1989, 1.81898, 158.443, 1, 50, 7.801, 32.801, -nan, 1.92858, 4.42683e-321, 0, 2.1989, 1.81898, 0.537487, -0.296369, 0.0379912, 44;
2.249, 1.66512, 2.2913, 1.84792, 158.335, 1, 50, 7.751, 32.751, -nan, 1.95425, 4.42683e-321, 0, 2.2913, 1.84792, 0.520778, -0.293842, 0.0379102, 45;
2.299, 1.77747, 2.38511, 1.87623, 158.223, 1, 50, 7.701, 32.701, -nan, 1.97909, 4.42683e-321, 0, 2.38511, 1.87623, 0.504036, -0.291262, 0.0378214, 46;
2.349, 1.89463, 2.48029, 1.90365, 158.105, 1, 50, 7.651, 32.651, -nan, 2.0031, 4.42683e-321, 0, 2.48029, 1.90365, 0.487454, -0.288693, 0.0377328, 47;
2.399, 2.01668, 2.5768, 1.93017, 157.983, 1, 50, 7.601, 32.601, -nan, 2.0263, 4.42683e-321, 0, 2.5768, 1.93017, 0.471044, -0.286139, 0.0376449, 48;
2.449, 2.1437, 2.67461, 1.95609, 157.856, 1, 50, 7.551, 32.551, -nan, 2.04867, 4.42683e-321, 0, 2.67461, 1.95609, 0.454582, -0.283525, 0.037548, 49;
2.499, 2.27576, 2.77369, 1.98165, 157.724, 1, 50, 7.501, 32.501, -nan, 2.07021, 4.42683e-321, 0, 2.77369, 1.98165, 0.437862, -0.280781, 0.0374325, 50;
2.549, 2.41295, 2.87402, 2.00662, 157.587, 1, 50, 7.451, 32.451, -nan, 2.09092, 4.42683e-321, 0, 2.87402, 2.00662, 0.421064, -0.277965, 0.0373057, 51;
2.599, 2.55534, 2.97557, 2.03106, 157.445, 1, 50, 7.401, 32.401, -nan, 2.11079, 4.42683e-321, 0, 2.97557, 2.03106, 0.404132, -0.275056, 0.0371647, 52;
2.649, 2.70298, 3.07831, 2.05481, 157.297, 1, 50, 7.351, 32.351, -nan, 2.12981, 4.42683e-321, 0, 3.07831, 2.05481, 0.387202, -0.272098, 0.0370151, 53;
2.699, 2.85595, 3.18221, 2.07793, 157.144, 1, 50, 7.301, 32.301, -nan, 2.14798, 4.42683e-321, 0, 3.18221, 2.07793, 0.370221, -0.269071, 0.036854, 54;
2.749, 3.01429, 3.28726, 2.10093, 156.986, 1, 50, 7.251, 32.251, -nan, 2.16529, 4.42683e-321, 0, 3.28726, 2.10093, 0.352753, -0.265824, 0.0366603, 55;
2.799, 3.17807, 3.39344, 2.12364, 156.822, 1, 50, 7.201, 32.201, -nan, 2.18171, 4.42683e-321, 0, 3.39344, 2.12364, 0.334938, -0.2624, 0.0364393, 56;
2.849, 3.34734, 3.50071, 2.14547, 156.653, 1, 50, 7.151, 32.151, -nan, 2.19725, 4.42683e-321, 0, 3.50071, 2.14547, 0.317245, -0.258958, 0.0362128, 57;
2.899, 3.52212, 3.60901, 2.16584, 156.478, 1, 50, 7.101, 32.101, -nan, 2.21194, 4.42683e-321, 0, 3.60901, 2.16584, 0.300204, -0.255686, 0.036007, 58;
2.949, 3.70246, 3.71821, 2.18415, 156.298, 1, 50, 7.051, 32.051, -nan, 2.22584, 4.42683e-321, 0, 3.71821, 2.18415, 0.284334, -0.252772, 0.0358492, 59;
2.999, 3.88839, 3.8282, 2.19976, 156.112, 1, 50, 7.001, 32.001, -nan, 2.23904, 4.42683e-321, 0, 3.8282, 2.19976, 0.27027, -0.250454, 0.035774, 60;
3.049, 4.07994, 3.9388, 2.21196, 155.92, 1, 50, 6.951, 31.951, -nan, 2.25167, 4.42683e-321, 0, 3.9388, 2.21196, 0.258686, -0.248989, 0.0358206, 61;
3.099, 4.27712, 4.04981, 2.22012, 155.723, 1, 50, 6.901, 31.901, -nan, 2.26387, 4.42683e-321, 0, 4.04981, 2.22012, 0.250245, -0.24864, 0.0360296, 62;
3.149, 4.47997, 4.16098, 2.22355, 155.52, 1, 50, 6.851, 31.851, -nan, 2.27584, 4.42683e-321, 0, 4.16098, 2.22355, 0.2457, -0.249712, 0.036449, 63;
3.199, 4.68852, 4.27211, 2.22249, 155.311, 1, 50, 6.801, 31.801, -nan, 2.28778, 4.42683e-321, 0, 4.27211, 2.22249, 0.244978, -0.252213, 0.0370847, 64;
3.249, 4.90281, 4.38299, 2.21757, 155.097, 1, 50, 6.751, 31.751, -nan, 2.29984, 4.42683e-321, 0, 4.38299, 2.21757, 0.247681, -0.256034, 0.0379253, 65;
3.299, 5.12288, 4.49349, 2.21018, 154.877, 1, 50, 6.701, 31.701, -nan, 2.31215, 4.42683e-321, 0, 4.49349, 2.21018, 0.252661, -0.260777, 0.0389162, 66;
3.349, 5.3488, 4.60368, 2.20377, 154.651, 1, 50, 6.651, 31.651, -nan, 2.32466, 4.42683e-321, 0, 4.60368, 2.20377, 0.256846, -0.265309, 0.0398901, 67;
3.399, 5.58066, 4.71395, 2.20539, 154.419, 1, 50, 6.601, 31.601, -nan, 2.33702, 4.42683e-321, 0, 4.71395, 2.20539, 0.25367, -0.267127, 0.0404677, 68;
3.449, 5.81856, 4.82529, 2.22679, 154.181, 1, 50, 6.551, 31.551, -nan, 2.34828, 4.42683e-321, 0, 4.82529, 2.22679, 0.231841, -0.261833, 0.0399685, 69;
3.499, 6.06259, 4.93941, 2.28243, 153.937, 1, 50, 6.501, 31.501, -nan, 2.35683, 4.42683e-321, 0, 4.93941, 2.28243, 0.176964, -0.243679, 0.0374833, 70;
3.549, 6.31285, 5.05836, 2.37896, 153.687, 1, 50, 6.451, 31.451, -nan, 2.36063, 4.42683e-321, 0, 5.05836, 2.37896, 0.081303, -0.209306, 0.0324454, 71;
3.599, 6.56935, 5.183, 2.49281, 153.431, 1, 50, 6.401, 31.401, -nan, 2.35871, 4.42683e-321, 0, 5.183, 2.49281, -0.034354, -0.166421, 0.0259992, 72;
3.649, 6.83201, 5.31072, 2.55425, 153.168, 1, 50, 6.351, 31.351, -nan, 2.35335, 4.42683e-321, 0, 5.31072, 2.55425, -0.103696, -0.140994, 0.0222003, 73;
3.699, 7.10068, 5.43553, 2.49639, 152.899, 1, 50, 6.301, 31.301, -nan, 2.35016, 4.42683e-321, 0, 5.43553, 2.49639, -0.0596742, -0.16022, 0.0254277, 74;
3.749, 7.37519, 5.55305, 2.3503, 152.625, 1, 50, 6.251, 31.251, -nan, 2.35351, 4.42683e-321, 0, 5.55305, 2.3503, 0.0723075, -0.215148, 0.0344181, 75;
3.799, 7.65545, 5.66522, 2.24334, 152.345, 1, 50, 6.201, 31.201, -nan, 2.36171, 4.42683e-321, 0, 5.66522, 2.24334, 0.170467, -0.257493, 0.0415244, 76;
3.849, 7.94148, 5.77847, 2.26509, 152.059, 1, 50, 6.151, 31.151, -nan, 2.36861, 4.42683e-321, 0, 5.77847, 2.26509, 0.144086, -0.249878, 0.040624, 77;
3.899, 8.23335, 5.89634, 2.35729, 151.767, 1, 50, 6.101, 31.101, -nan, 2.37064, 4.42683e-321, 0, 5.89634, 2.35729, 0.0459546, -0.212587, 0.0348447, 78;
3.949, 8.53111, 6.01583, 2.38981, 151.469, 1, 50, 6.051, 31.051, -nan, 2.37062, 4.42683e-321, 0, 6.01583, 2.38981, 0.00449264, -0.198035, 0.0327277, 79;
3.999, 8.83476, 6.13338, 2.35105, 151.165, 1, 50, 6.001, 31.001, -nan, 2.37206, 4.42683e-321, 0, 6.13338, 2.35105, 0.0341795, -0.212942, 0.0354845, 80;
4.049, 9.14428, 6.25008, 2.33404, 150.856, 1, 50, 5.951, 30.951, -nan, 2.37392, 4.42683e-321, 0, 6.25008, 2.33404, 0.042564, -0.219177, 0.0368303, 81;
4.099, 9.45968, 6.3678, 2.35432, 150.54, 1, 50, 5.901, 30.901, -nan, 2.37428, 4.42683e-321, 0, 6.3678, 2.35432, 0.0125083, -0.20919, 0.03545, 82;
4.149, 9.78096, 6.48579, 2.35986, 150.219, 1, 50, 5.851, 30.851, -nan, 2.37386, 4.42683e-321, 0, 6.48579, 2.35986, -0.00332853, -0.205092, 0.0350524, 83;
4.199, 10.1081, 6.6034, 2.35221, 149.892, 1, 50, 5.801, 30.801, -nan, 2.37331, 4.42683e-321, 0, 6.6034, 2.35221, -0.00589079, -0.20665, 0.0356232, 84;
4.249, 10.4412, 6.72109, 2.35384, 149.559, 1, 50, 5.751, 30.751, -nan, 2.37213, 4.42683e-321, 0, 6.72109, 2.35384, -0.0185, -0.203857, 0.0354471, 85;
4.299, 10.7801, 6.83884, 2.35506, 149.22, 1, 50, 5.701, 30.701, -nan, 2.37032, 4.42683e-321, 0, 6.83884, 2.35506, -0.0312034, -0.200961, 0.0352501, 86;
4.349, 11.1249, 6.95647, 2.35248, 148.875, 1, 50, 5.651, 30.651, -nan, 2.36805, 4.42683e-321, 0, 6.95647, 2.35248, -0.0403482, -0.199582, 0.035318, 87;
4.399, 11.4756, 7.07403, 2.3513, 148.524, 1, 50, 5.601, 30.601, -nan, 2.36524, 4.42683e-321, 0, 7.07403, 2.3513, -0.0514351, -0.197303, 0.0352264, 88;
4.449, 11.8322, 7.1915, 2.34924, 148.168, 1, 50, 5.551, 30.551, -nan, 2.36189, 4.42683e-321, 0, 7.1915, 2.34924, -0.0620547, -0.195184, 0.0351619, 89;
4.499, 12.1947, 7.30881, 2.34638, 147.805, 1, 50, 5.501, 30.501, -nan, 2.35804, 4.42683e-321, 0, 7.30881, 2.34638, -0.0722671, -0.193203, 0.0351214, 90;
4.549, 12.563, 7.42598, 2.3433, 147.437, 1, 50, 5.451, 30.451, -nan, 2.35366, 4.42683e-321, 0, 7.42598, 2.3433, -0.0826944, -0.191078, 0.0350538, 91;
4.599, 12.9372, 7.54296, 2.33953, 147.063, 1, 50, 5.401, 30.401, -nan, 2.34879, 4.42683e-321, 0, 7.54296, 2.33953, -0.092833, -0.189039, 0.0350008, 92;
4.649, 13.3172, 7.65972, 2.33532, 146.683, 1, 50, 5.351, 30.351, -nan, 2.34341, 4.42683e-321, 0, 7.65972, 2.33532, -0.102936, -0.18697, 0.0349411, 93;
4.699, 13.703, 7.77625, 2.33059, 146.297, 1, 50, 5.301, 30.301, -nan, 2.33753, 4.42683e-321, 0, 7.77625, 2.33059, -0.112911, -0.184912, 0.0348825, 94;
4.749, 14.0947, 7.89252, 2.32536, 145.905, 1, 50, 5.251, 30.251, -nan, 2.33117, 4.42683e-321, 0, 7.89252, 2.32536, -0.122779, -0.182857, 0.0348234, 95;
4.799, 14.4921, 8.0085, 2.31963, 145.508, 1, 50, 5.201, 30.201, -nan, 2.32431, 4.42683e-321, 0, 8.0085, 2.31963, -0.132542, -0.180805, 0.0347635, 96;
4.849, 14.8954, 8.12417, 2.31342, 145.105, 1, 50, 5.151, 30.151, -nan, 2.31698, 4.42683e-321, 0, 8.12417, 2.31342, -0.142196, -0.178756, 0.0347032, 97;
4.899, 15.3044, 8.23951, 2.30672, 144.696, 1, 50, 5.101, 30.101, -nan, 2.30917, 4.42683e-321, 0, 8.23951, 2.30672, -0.151743, -0.17671, 0.0346423, 98;
4.949, 15.7192, 8.35449, 2.29955, 144.281, 1, 50, 5.051, 30.051, -nan, 2.3009, 4.42683e-321, 0, 8.35449, 2.29955, -0.161183, -0.174668, 0.0345809, 99;
4.999, 16.1398, 8.46908, 2.2919, 143.86, 1, 50, 5.001, 30.001, -nan, 2.29216, 4.42683e-321, 0, 8.46908, 2.2919, -0.170516, -0.172629, 0.0345189, 100;
5.049, 16.566, 8.58327, 2.28379, 143.434, 1, 50, 4.951, 29.951, -nan, 2.28296, 4.42683e-321, 0, 8.58327, 2.28379, -0.179743, -0.170593, 0.0344563, 101;
5.099, 16.998, 8.69703, 2.27522, 143.002, 1, 50, 4.901, 29.901, -nan, 2.27331, 4.42683e-321, 0, 8.69703, 2.27522, -0.188863, -0.168561, 0.0343931, 102;
5.149, 17.4356, 8.81034, 2.26619, 142.564, 1, 50, 4.851, 29.851, -nan, 2.2632, 4.42683e-321, 0, 8.81034, 2.26619, -0.197877, -0.166532, 0.0343294, 103;
5.199, 17.8789, 8.92318, 2.25671, 142.121, 1, 50, 4.801, 29.801, -nan, 2.25266, 4.42683e-321, 0, 8.92318, 2.25671, -0.206785, -0.164506, 0.0342649, 104;
5.249, 18.3278, 9.03551, 2.24679, 141.672, 1, 50, 4.751, 29.751, -nan, 2.24168, 4.42683e-321, 0, 9.03551, 2.24679, -0.215588, -0.162484, 0.0341999, 105;
5.299, 18.7823, 9.14734, 2.23642, 141.218, 1, 50, 4.701, 29.701, -nan, 2.23027, 4.42683e-321, 0, 9.14734, 2.23642, -0.224286, -0.160465, 0.0341342, 106;
5.349, 19.2424, 9.25862, 2.22563, 140.758, 1, 50, 4.651, 29.651, -nan, 2.21842, 4.42683e-321, 0, 9.25862, 2.22563, -0.232878, -0.158449, 0.0340678, 107;
5.399, 19.7081, 9.36934, 2.21441, 140.292, 1, 50, 4.601, 29.601, -nan, 2.20616, 4.42683e-321, 0, 9.36934, 2.21441, -0.241365, -0.156437, 0.0340007, 108;
5.449, 20.1792, 9.47948, 2.20276, 139.821, 1, 50, 4.551, 29.551, -nan, 2.19348, 4.42683e-321, 0, 9.47948, 2.20276, -0.249748, -0.154429, 0.033933, 109;
5.499, 20.6559, 9.58901, 2.1907, 139.344, 1, 50, 4.501, 29.501, -nan, 2.18039, 4.42683e-321, 0, 9.58901, 2.1907, -0.258026, -0.152424, 0.0338646, 110;
5.549, 21.138, 9.69792, 2.17822, 138.862, 1, 50, 4.451, 29.451, -nan, 2.16689, 4.42683e-321, 0, 9.69792, 2.17822, -0.2662, -0.150423, 0.0337954, 111;
5.599, 21.6256, 9.80619, 2.16534, 138.374, 1, 50, 4.401, 29.401, -nan, 2.153, 4.42683e-321, 0, 9.80619, 2.16534, -0.27427, -0.148426, 0.0337256, 112;
5.649, 22.1185, 9.91379, 2.15206, 137.881, 1, 50, 4.351, 29.351, -nan, 2.1387, 4.42683e-321, 0, 9.91379, 2.15206, -0.282236, -0.146433, 0.0336551, 113;
5.699, 22.6168, 10.0207, 2.13838, 137.383, 1, 50, 4.301, 29.301, -nan, 2.12402, 4.42683e-321, 0, 10.0207, 2.13838, -0.290098, -0.144444, 0.0335839, 114;
5.749, 23.1205, 10.1269, 2.12431, 136.88, 1, 50, 4.251, 29.251, -nan, 2.10895, 4.42683e-321, 0, 10.1269, 2.12431, -0.297856, -0.142459, 0.033512, 115;
5.799, 23.6294, 10.2324, 2.10986, 136.371, 1, 50, 4.201, 29.201, -nan, 2.0935, 4.42683e-321, 0, 10.2324, 2.10986, -0.305511, -0.140479, 0.0334394, 116;
5.849, 24.1436, 10.3372, 2.09503, 135.856, 1, 50, 4.151, 29.151, -nan, 2.07767, 4.42683e-321, 0, 10.3372, 2.09503, -0.313063, -0.138503, 0.0333662, 117;
5.899, 24.663, 10.4412, 2.07982, 135.337, 1, 50, 4.101, 29.101, -nan, 2.06148, 4.42683e-321, 0, 10.4412, 2.07982, -0.320511, -0.136532, 0.0332924, 118;
5.949, 25.1876, 10.5444, 2.06425, 134.812, 1, 50, 4.051, 29.051, -nan, 2.04492, 4.42683e-321, 0, 10.5444, 2.06425, -0.327856, -0.134566, 0.0332179, 119;
5.999, 25.7173, 10.6468, 2.0483, 134.283, 1, 50, 4.001, 29.001, -nan, 2.028, 4.42683e-321, 0, 10.6468, 2.0483, -0.335098, -0.132605, 0.0331429, 120;
6.049, 26.2521, 10.7484, 2.03201, 133.748, 1, 50, 3.951, 28.951, -nan, 2.01072, 4.42683e-321, 0, 10.7484, 2.03201, -0.342236, -0.130649, 0.0330674, 121;
6.099, 26.792, 10.8492, 2.01535, 133.208, 1, 50, 3.901, 28.901, -nan, 1.9931, 4.42683e-321, 0, 10.8492, 2.01535, -0.349272, -0.1287, 0.0329914, 122;
6.149, 27.3369, 10.9491, 1.99835, 132.663, 1, 50, 3.851, 28.851, -nan, 1.97513, 4.42683e-321, 0, 10.9491, 1.99835, -0.356205, -0.126756, 0.0329151, 123;
6.199, 27.8868, 11.0481, 1.98101, 132.113, 1, 50, 3.801, 28.801, -nan, 1.95683, 4.42683e-321, 0, 11.0481, 1.98101, -0.363035, -0.124819, 0.0328384, 124;
6.249, 28.4416, 11.1463, 1.96333, 131.558, 1, 50, 3.751, 28.751, -nan, 1.93819, 4.42683e-321, 0, 11.1463, 1.96333, -0.369762, -0.122889, 0.0327616, 125;
6.299, 29.0013, 11.2436, 1.94531, 130.999, 1, 50, 3.701, 28.701, -nan, 1.91922, 4.42683e-321, 0, 11.2436, 1.94531, -0.376386, -0.120966, 0.0326846, 126;
6.349, 29.5659, 11.3399, 1.92697, 130.434, 1, 50, 3.651, 28.651, -nan, 1.89992, 4.42683e-321, 0, 11.3399, 1.92697, -0.382907, -0.119051, 0.0326077, 127;
6.399, 30.1352, 11.4353, 1.90831, 129.865, 1, 50, 3.601, 28.601, -nan, 1.88031, 4.42683e-321, 0, 11.4353, 1.90831, -0.389326, -0.117144, 0.032531, 128;
6.449, 30.7093, 11.5298, 1.88932, 129.291, 1, 50, 3.551, 28.551, -nan, 1.86039, 4.42683e-321, 0, 11.5298, 1.88932, -0.395641, -0.115246, 0.0324546, 129;
6.499, 31.2881, 11.6233, 1.87003, 128.712, 1, 50, 3.501, 28.501, -nan, 1.84015, 4.42683e-321, 0, 11.6233, 1.87003, -0.401852, -0.113358, 0.0323789, 130;
6.549, 31.8715, 11.7158, 1.85043, 128.128, 1, 50, 3.451, 28.451, -nan, 1.81962, 4.42683e-321, 0, 11.7158, 1.85043, -0.407961, -0.111481, 0.0323039, 131;
6.599, 32.4596, 11.8073, 1.83053, 127.54, 1, 50, 3.401, 28.401, -nan, 1.79878, 4.42683e-321, 0, 11.8073, 1.83053, -0.413966, -0.109614, 0.03223, 132;
6.649, 33.0522, 11.8979, 1.81033, 126.948, 1, 50, 3.351, 28.351, -nan, 1.77766, 4.42683e-321, 0, 11.8979, 1.81033, -0.419868, -0.10776, 0.0321575, 133;
6.699, 33.6492, 11.9873, 1.78984, 126.351, 1, 50, 3.301, 28.301, -nan, 1.75624, 4.42683e-321, 0, 11.9873, 1.78984, -0.425666, -0.105918, 0.0320867, 134;
6.749, 34.2508, 12.0758, 1.76906, 125.749, 1, 50, 3.251, 28.251, -nan, 1.73454, 4.42683e-321, 0, 12.0758, 1.76906, -0.43136, -0.104091, 0.0320181, 135;
6.799, 34.8567, 12.1632, 1.74801, 125.143, 1, 50, 3.201, 28.201, -nan, 1.71257, 4.42683e-321, 0, 12.1632, 1.74801, -0.43695, -0.102279, 0.0319521, 136;
6.849, 35.467, 12.2495, 1.72667, 124.533, 1, 50, 3.151, 28.151, -nan, 1.69032, 4.42683e-321, 0, 12.2495, 1.72667, -0.442435, -0.100483, 0.0318893, 137;
6.899, 36.0816, 12.3348, 1.70507, 123.918, 1, 50, 3.101, 28.101, -nan, 1.66781, 4.42683e-321, 0, 12.3348, 1.70507, -0.447816, -0.0987057, 0.0318303, 138;
6.949, 36.7004, 12.4189, 1.6832, 123.3, 1, 50, 3.051, 28.051, -nan, 1.64504, 4.42683e-321, 0, 12.4189, 1.6832, -0.453092, -0.0969478, 0.0317757, 139;
6.999, 37.3234, 12.502, 1.66107, 122.677, 1, 50, 3.001, 28.001, -nan, 1.622, 4.42683e-321, 0, 12.502, 1.66107, -0.458262, -0.0952111, 0.0317265, 140;
7.049, 37.9505, 12.5839, 1.63868, 122.05, 1, 50, 2.951, 27.951, -nan, 1.59872, 4.42683e-321, 0, 12.5839, 1.63868, -0.463327, -0.0934977, 0.0316834, 141;
7.099, 38.5817, 12.6647, 1.61605, 121.418, 1, 50, 2.901, 27.901, -nan, 1.57519, 4.42683e-321, 0, 12.6647, 1.61605, -0.468286, -0.0918096, 0.0316476, 142;
7.149, 39.2169, 12.7444, 1.59317, 120.783, 1, 50, 2.851, 27.851, -nan, 1.55143, 4.42683e-321, 0, 12.7444, 1.59317, -0.473138, -0.0901492, 0.0316202, 143;
7.199, 39.856, 12.8229, 1.57005, 120.144, 1, 50, 2.801, 27.801, -nan, 1.52742, 4.42683e-321, 0, 12.8229, 1.57005, -0.477883, -0.0885192, 0.0316027, 144;
7.249, 40.499, 12.9002, 1.54669, 119.501, 1, 50, 2.801, 27.801, 12.9817, 1.30257, 6.93442, 0, 12.9002, 1.54669, -4.55755, 2.43596, -0.513012, 145;
7.299, 41.1459, 12.9741, 1.47739, 118.854, 1, 50, 2.801, 27.801, 13.0526, 1.0736, 6.82402, 0, 12.9741, 1.47739, -4.6423, 2.5308, -0.542352, 146;
7.349, 41.7963, 13.0412, 1.3429, 118.204, 1, 50, 2.801, 27.801, 13.1135, 0.844733, 6.73907, 0, 13.0412, 1.3429, -4.64151, 2.57757, -0.560559, 147;
7.399, 42.4498, 13.0997, 1.1681, 117.55, 1, 50, 2.801, 27.801, 13.1636, 0.618767, 6.67032, 0, 13.0997, 1.1681, -4.58374, 2.59122, -0.570897, 148;
7.449, 43.106, 13.1483, 0.972808, 116.894, 1, 50, 2.801, 27.801, 13.203, 0.397319, 6.61079, 0, 13.1483, 0.972808, -4.49323, 2.58516, -0.576477, 149;
7.499, 43.7644, 13.1867, 0.76798, 116.236, 1, 50, 2.801, 27.801, 13.2316, 0.181332, 6.55675, 0, 13.1867, 0.76798, -4.38355, 2.56704, -0.579092, 150;
7.549, 44.4245, 13.2147, 0.559573, 115.575, 1, 50, 2.801, 27.801, 13.2496, -0.0286153, 6.50624, 0, 13.2147, 0.559573, -4.26212, 2.54101, -0.57973, 151;
7.599, 45.0857, 13.2322, 0.351208, 114.914, 1, 50, 2.801, 27.801, 13.2573, -0.232172, 6.45807, 0, 13.2322, 0.351208, -4.13352, 2.50969, -0.579008, 152;
7.649, 45.7476, 13.2395, 0.145271, 114.252, 1, 50, 2.801, 27.801, 13.2547, -0.429139, 6.41147, 0, 13.2395, 0.145271, -4.00084, 2.47485, -0.577351, 153;
7.699, 46.4095, 13.2367, -0.0566634, 113.59, 1, 50, 2.801, 27.801, 13.2423, -0.619419, 6.3659, 0, 13.2367, -0.0566634, -3.86618, 2.4377, -0.575055, 154;
7.749, 47.0711, 13.224, -0.253586, 112.929, 1, 50, 2.801, 27.801, 13.2203, -0.802985, 6.321, 0, 13.224, -0.253586, -3.73095, 2.39907, -0.572322, 155;
7.799, 47.7318, 13.2017, -0.445242, 112.268, 1, 50, 2.801, 27.801, 13.189, -0.979831, 6.27669, 0, 13.2017, -0.445242, -3.59553, 2.35916, -0.569192, 156;
7.849, 48.3911, 13.1692, -0.650392, 111.609, 1, 50, 2.801, 27.801, 13.1468, -1.14857, 6.24098, 0, 13.1692, -0.650392, -3.432, 2.29984, -0.560786, 157;
7.899, 49.0486, 13.1233, -0.917198, 110.951, 1, 50, 2.801, 27.801, 13.088, -1.30423, 6.23599, 0, 13.1233, -0.917198, -3.16714, 2.17304, -0.534048, 158;
7.949, 49.7032, 13.0561, -1.34487, 110.297, 1, 50, 2.801, 27.801, 12.9994, -1.43445, 6.31471, 0, 13.0561, -1.34487, -2.65121, 1.88175, -0.463015, 159;
7.999, 50.3542, 12.9799, -1.52472, 109.646, 1, 50, 2.801, 27.801, 12.9146, -1.55627, 6.29112, 0, 12.9799, -1.52472, -2.4813, 1.8088, -0.449645, 160;
8.049, 51.0013, 12.9025, -1.54726, 108.999, 1, 50, 2.801, 27.801, 12.8369, -1.68078, 6.19391, 0, 12.9025, -1.54726, -2.53694, 1.88033, -0.474899, 161;
8.099, 51.6444, 12.8211, -1.62876, 108.356, 1, 50, 2.801, 27.801, 12.7522, -1.80371, 6.1248, 0, 12.8211, -1.62876, -2.50572, 1.89695, -0.485841, 162;
8.149, 52.2833, 12.7317, -1.78779, 107.717, 1, 50, 2.801, 27.801, 12.6554, -1.9191, 6.0944, 0, 12.7317, -1.78779, -2.35333, 1.83339, -0.474943, 163;
8.199, 52.9176, 12.6351, -1.93131, 107.082, 1, 50, 2.801, 27.801, 12.5522, -2.02771, 6.0603, 0, 12.6351, -1.93131, -2.21621, 1.77828, -0.466179, 164;
8.249, 53.5469, 12.5336, -2.02908, 106.453, 1, 50, 2.801, 27.801, 12.4466, -2.13261, 6.00651, 0, 12.5336, -2.02908, -2.14195, 1.76387, -0.468578, 165;
8.299, 54.171, 12.4278, -2.11757, 105.829, 1, 50, 2.801, 27.801, 12.337, -2.2343, 5.94981, 0, 12.4278, -2.11757, -2.07735, 1.75549, -0.472735, 166;
8.349, 54.7897, 12.3168, -2.2198, 105.21, 1, 50, 2.801, 27.801, 12.2216, -2.33149, 5.90174, 0, 12.3168, -2.2198, -1.98669, 1.7289, -0.471818, 167;
8.399, 55.4027, 12.2006, -2.32422, 104.597, 1, 50, 2.801, 27.801, 12.1009, -2.42372, 5.85711, 0, 12.2006, -2.32422, -1.88679, 1.69505, -0.468801, 168;
8.449, 56.0098, 12.0797, -2.41733, 103.99, 1, 50, 2.801, 27.801, 11.9762, -2.51159, 5.80912, 0, 12.0797, -2.41733, -1.79878, 1.66839, -0.467796, 169;
8.499, 56.6107, 11.9546, -2.50144, 103.389, 1, 50, 2.801, 27.801, 11.8477, -2.59553, 5.75862, 0, 11.9546, -2.50144, -1.71965, 1.64708, -0.468326, 170;
8.549, 57.2053, 11.8255, -2.58359, 102.795, 1, 50, 2.801, 27.801, 11.7153, -2.67544, 5.70912, 0, 11.8255, -2.58359, -1.6385, 1.62358, -0.468228, 171;
8.599, 57.7933, 11.6922, -2.66442, 102.207, 1, 50, 2.801, 27.801, 11.5789, -2.75117, 5.66103, 0, 11.6922, -2.66442, -1.55416, 1.59699, -0.467212, 172;
8.649, 58.3746, 11.5552, -2.7408, 101.625, 1, 50, 2.801, 27.801, 11.4389, -2.8228, 5.61275, 0, 11.5552, -2.7408, -1.47166, 1.5708, -0.466297, 173;
8.699, 58.9489, 11.4146, -2.81177, 101.051, 1, 50, 2.801, 27.801, 11.2957, -2.89052, 5.56369, 0, 11.4146, -2.81177, -1.39275, 1.54632, -0.465876, 174;
8.749, 59.5162, 11.2707, -2.87869, 100.484, 1, 50, 2.801, 27.801, 11.1494, -2.9544, 5.51451, 0, 11.2707, -2.87869, -1.31538, 1.52211, -0.465527, 175;
8.799, 60.0761, 11.1235, -2.94242, 99.9239, 1, 50, 2.801, 27.801, 11.0001, -3.01445, 5.46563, 0, 11.1235, -2.94242, -1.23822, 1.49717, -0.464951, 176;
8.849, 60.6286, 10.9734, -3.00258, 99.3714, 1, 50, 2.801, 27.801, 10.8479, -3.07073, 5.41684, 0, 10.9734, -3.00258, -1.16196, 1.47201, -0.464295, 177;
8.899, 61.1736, 10.8205, -3.05872, 98.8264, 1, 50, 2.801, 27.801, 10.6933, -3.1233, 5.36786, 0, 10.8205, -3.05872, -1.08742, 1.44724, -0.463747, 178;
8.949, 61.7108, 10.6649, -3.11104, 98.2892, 1, 50, 2.801, 27.801, 10.5362, -3.17226, 5.31876, 0, 10.6649, -3.11104, -1.01444, 1.42276, -0.463276, 179;
8.999, 62.2402, 10.5069, -3.15986, 97.7598, 1, 50, 2.801, 27.801, 10.3769, -3.21766, 5.26966, 0, 10.5069, -3.15986, -0.942582, 1.39822, -0.46278, 180;
9.049, 62.7616, 10.3467, -3.20524, 97.2384, 1, 50, 2.801, 27.801, 10.2156, -3.25955, 5.22058, 0, 10.3467, -3.20524, -0.871817, 1.37361, -0.462253, 181;
9.099, 63.275, 10.1843, -3.24711, 96.725, 1, 50, 2.801, 27.801, 10.0524, -3.29799, 5.17144, 0, 10.1843, -3.24711, -0.80237, 1.34911, -0.461749, 182;
9.149, 63.7802, 10.02, -3.28551, 96.2198, 1, 50, 2.801, 27.801, 9.88746, -3.33307, 5.12223, 0, 10.02, -3.28551, -0.734291, 1.32476, -0.461284, 183;
9.199, 64.2771, 9.85402, -3.32056, 95.7229, 1, 50, 2.801, 27.801, 9.72101, -3.36483, 5.07296, 0, 9.85402, -3.32056, -0.66748, 1.30048, -0.460836, 184;
9.249, 64.7657, 9.6864, -3.35235, 95.2343, 1, 50, 2.801, 27.801, 9.55319, -3.39334, 5.02367, 0, 9.6864, -3.35235, -0.601891, 1.27624, -0.460394, 185;
9.299, 65.2459, 9.51735, -3.38092, 94.7541, 1, 50, 2.801, 27.801, 9.38416, -3.41867, 4.97433, 0, 9.51735, -3.38092, -0.537563, 1.25209, -0.459969, 186;
9.349, 65.7176, 9.34704, -3.4063, 94.2824, 1, 50, 2.801, 27.801, 9.21408, -3.44088, 4.92493, 0, 9.34704, -3.4063, -0.474526, 1.22803, -0.459573, 187;
9.399, 66.1807, 9.17561, -3.42858, 93.8193, 1, 50, 2.801, 27.801, 9.0431, -3.46002, 4.87547, 0, 9.17561, -3.42858, -0.412763, 1.20408, -0.459203, 188;
9.449, 66.6353, 9.00322, -3.44783, 93.3647, 1, 50, 2.801, 27.801, 8.87137, -3.47617, 4.82596, 0, 9.00322, -3.44783, -0.352256, 1.1802, -0.458856, 189;
9.499, 67.0812, 8.83001, -3.4641, 92.9188, 1, 50, 2.801, 27.801, 8.69905, -3.48939, 4.7764, 0, 8.83001, -3.4641, -0.293008, 1.15642, -0.458537, 190;
9.549, 67.5185, 8.65614, -3.47744, 92.4815, 1, 50, 2.801, 27.801, 8.52628, -3.49974, 4.72678, 0, 8.65614, -3.47744, -0.235026, 1.13275, -0.458251, 191;
9.599, 67.947, 8.48174, -3.48793, 92.053, 1, 50, 2.801, 27.801, 8.3532, -3.50729, 4.67709, 0, 8.48174, -3.48793, -0.178308, 1.10918, -0.458, 192;
9.649, 68.3668, 8.30696, -3.49563, 91.6332, 1, 50, 2.801, 27.801, 8.17996, -3.51209, 4.62735, 0, 8.30696, -3.49563, -0.122849, 1.08571, -0.457785, 193;
9.699, 68.7779, 8.13193, -3.5006, 91.2221, 1, 50, 2.801, 27.801, 8.00668, -3.5142, 4.57754, 0, 8.13193, -3.5006, -0.0686457, 1.06236, -0.457611, 194;
9.749, 69.1802, 7.95679, -3.5029, 90.8198, 1, 50, 2.801, 27.801, 7.83352, -3.51371, 4.52766, 0, 7.95679, -3.5029, -0.0156986, 1.03912, -0.45748, 195;
9.799, 69.5737, 7.78166, -3.50259, 90.4263, 1, 50, 2.801, 27.801, 7.6606, -3.51065, 4.47771, 0, 7.78166, -3.50259, 0.0359935, 1.01601, -0.457398, 196;
9.849, 69.9585, 7.60667, -3.49973, 90.0415, 1, 50, 2.801, 27.801, 7.48805, -3.5051, 4.42769, 0, 7.60667, -3.49973, 0.0864337, 0.993018, -0.457366, 197;
9.899, 70.3346, 7.43195, -3.49439, 89.6654, 1, 50, 2.801, 27.801, 7.31599, -3.49712, 4.3776, 0, 7.43195, -3.49439, 0.135625, 0.970156, -0.457391, 198;
9.949, 70.7019, 7.25762, -3.48663, 89.2981, 1, 50, 2.801, 27.801, 7.14456, -3.48677, 4.32744, 0, 7.25762, -3.48663, 0.183568, 0.947429, -0.457476, 199;
9.999, 71.0605, 7.08379, -3.4765, 88.9395, 1, 50, 2.801, 27.801, 6.97387, -3.47412, 4.2772, 0, 7.08379, -3.4765, 0.230266, 0.924842, -0.457626, 200;
10.049, 71.4105, 6.91059, -3.46407, 88.5895, 1, 50, 2.801, 27.801, 6.80404, -3.45922, 4.22688, 0, 6.91059, -3.46407, 0.275722, 0.902398, -0.457846, 201;
10.099, 71.7518, 6.73812, -3.44941, 88.2482, 1, 50, 2.801, 27.801, 6.6352, -3.44214, 4.17647, 0, 6.73812, -3.44941, 0.319938, 0.880105, -0.458143, 202;
10.149, 72.0845, 6.56649, -3.43256, 87.9155, 1, 50, 2.801, 27.801, 6.46745, -3.42293, 4.12598, 0, 6.56649, -3.43256, 0.362917, 0.857967, -0.458522, 203;
10.199, 72.4086, 6.39581, -3.4136, 87.5914, 1, 50, 2.801, 27.801, 6.30091, -3.40167, 4.07541, 0, 6.39581, -3.4136, 0.404662, 0.835991, -0.45899, 204;
10.249, 72.7242, 6.22618, -3.39257, 87.2758, 1, 50, 2.801, 27.801, 6.13569, -3.37841, 4.02474, 0, 6.22618, -3.39257, 0.445176, 0.814183, -0.459554, 205;
10.299, 73.0314, 6.0577, -3.36955, 86.9686, 1, 50, 2.801, 27.801, 5.97189, -3.35321, 3.97398, 0, 6.0577, -3.36955, 0.484462, 0.792548, -0.460221, 206;
10.349, 73.3302, 5.89047, -3.3446, 86.6698, 1, 50, 2.801, 27.801, 5.80962, -3.32613, 3.92313, 0, 5.89047, -3.3446, 0.522523, 0.771094, -0.461001, 207;
10.399, 73.6206, 5.72459, -3.31777, 86.3794, 1, 50, 2.801, 27.801, 5.64899, -3.29724, 3.87218, 0, 5.72459, -3.31777, 0.559364, 0.749828, -0.461902, 208;
10.449, 73.9028, 5.56013, -3.28912, 86.0972, 1, 50, 2.801, 27.801, 5.4901, -3.26659, 3.82113, 0, 5.56013, -3.28912, 0.594987, 0.728758, -0.462935, 209;
10.499, 74.1768, 5.39719, -3.25872, 85.8232, 1, 50, 2.801, 27.801, 5.33305, -3.23425, 3.76998, 0, 5.39719, -3.25872, 0.629394, 0.707893, -0.46411, 210;
10.549, 74.4427, 5.23586, -3.22662, 85.5573, 1, 50, 2.801, 27.801, 5.17793, -3.20028, 3.71872, 0, 5.23586, -3.22662, 0.662589, 0.687242, -0.465439, 211;
10.599, 74.7006, 5.07622, -3.19288, 85.2994, 1, 50, 2.801, 27.801, 5.02484, -3.16473, 3.66734, 0, 5.07622, -3.19288, 0.694573, 0.666817, -0.466938, 212;
10.649, 74.9506, 4.91834, -3.15755, 85.0494, 1, 50, 2.801, 27.801, 4.87389, -3.12767, 3.61586, 0, 4.91834, -3.15755, 0.725344, 0.646634, -0.468622, 213;
10.699, 75.1926, 4.76231, -3.12071, 84.8074, 1, 50, 2.801, 27.801, 4.72517, -3.08916, 3.56424, 0, 4.76231, -3.12071, 0.754899, 0.626714, -0.470513, 214;
10.749, 75.427, 4.60819, -3.08239, 84.573, 1, 50, 2.801, 27.801, 4.57876, -3.04925, 3.51251, 0, 4.60819, -3.08239, 0.783232, 0.607077, -0.472632, 215;
10.799, 75.6536, 4.45605, -3.04267, 84.3464, 1, 50, 2.801, 27.801, 4.43477, -3.00801, 3.46064, 0, 4.45605, -3.04267, 0.810357, 0.587728, -0.474995, 216;
10.849, 75.8728, 4.30597, -3.00163, 84.1272, 1, 50, 2.801, 27.801, 4.29329, -2.9655, 3.40866, 0, 4.30597, -3.00163, 0.836362, 0.56858, -0.477574, 217;
10.899, 76.0844, 4.158, -2.95944, 83.9156, 1, 50, 2.801, 27.801, 4.15438, -2.92175, 3.35668, 0, 4.158, -2.95944, 0.861553, 0.549274, -0.480202, 218;
10.949, 76.2887, 4.01218, -2.91636, 83.7113, 1, 50, 2.801, 27.801, 4.01807, -2.87678, 3.30491, 0, 4.01218, -2.91636, 0.886583, 0.528993, -0.482468, 219;
10.999, 76.4858, 3.86856, -2.8725, 83.5142, 1, 50, 2.801, 27.801, 3.88442, -2.83057, 3.25344, 0, 3.86856, -2.8725, 0.91171, 0.507353, -0.484155, 220;
11.049, 76.6758, 3.72722, -2.82678, 83.3242, 1, 50, 2.801, 27.801, 3.75377, -2.78329, 3.20121, 0, 3.72722, -2.82678, 0.93367, 0.48842, -0.487368, 221;
11.099, 76.8587, 3.58841, -2.77623, 83.1413, 1, 50, 2.801, 27.801, 3.62708, -2.73555, 3.14509, 0, 3.58841, -2.77623, 0.943024, 0.484632, -0.498855, 222;
11.149, 77.0348, 3.45226, -2.72284, 82.9652, 1, 50, 2.801, 27.801, 3.50435, -2.68773, 3.08649, 0, 3.45226, -2.72284, 0.944421, 0.490979, -0.516422, 223;
11.199, 77.2041, 3.318, -2.68535, 82.7959, 1, 50, 2.801, 27.801, 3.38043, -2.63741, 3.04404, 0, 3.318, -2.68535, 0.996089, 0.429907, -0.497454, 224;
11.249, 77.3667, 3.18532, -2.65362, 82.6333, 1, 50, 2.801, 27.801, 3.25651, -2.58344, 3.01049, 0, 3.18532, -2.65362, 1.0712, 0.33348, -0.457934, 225;
11.299, 77.5229, 3.05785, -2.5493, 82.4771, 1, 50, 2.801, 27.801, 3.1577, -2.53696, 2.90414, 0, 3.05785, -2.5493, 0.916163, 0.551714, -0.597205, 226;
11.349, 77.6727, 2.93099, -2.53724, 82.3273, 1, 50, 2.801, 27.801, 3.03611, -2.48386, 2.88702, 0, 2.93099, -2.53724, 1.05322, 0.367229, -0.507125, 227;
11.399, 77.8161, 2.80447, -2.53037, 82.1839, 1, 50, 2.801, 27.801, 2.91071, -2.42268, 2.88646, 0, 2.80447, -2.53037, 1.22055, 0.130815, -0.383632, 228;
11.449, 77.9535, 2.69119, -2.26556, 82.0465, 1, 50, 2.801, 27.801, 2.88559, -2.39639, 2.62774, 0, 2.69119, -2.26556, 0.496087, 1.21346, -1.06727, 229;
11.499, 78.0848, 2.5534, -2.75585, 81.9152, 1, 50, 2.801, 27.801, 2.52771, -2.28635, 3.70615, 0, 2.5534, -2.75585, 2.23077, -1.20382, 0.324817, 230;
11.549, 78.2103, 2.48013, -1.46543, 81.7897, 1, 50, 2.801, 27.801, 2.96999, -2.39738, 2.1433, 0, 2.48013, -1.46543, -2.37636, 6.34901, -4.88991, 231;
11.599, 78.3301, 2.26487, -4.30513, 81.6699, 1, 50, 2.801, 27.801, 2.6618, -2.09772, 2.10435, 0, 2.26487, -4.30513, 6.13747, -5.83313, 2.77194, 232;
11.649, 78.4436, 2.28002, 0.303028, 81.5564, 1, 50, 2.801, 27.801, 3.49101, -2.61683, 1.66078, 0, 2.28002, 0.303028, -11.0144, 25.8692, -23.1664, 233;
11.699, 78.5538, 2.21802, -1.24004, 81.4462, 1, 50, 2.801, 27.801, 2.99499, -2.7847, 1.87597, 0, 2.21802, -1.24004, -3.59694, 9.78363, -8.38632, 234;
11.749, 78.6543, 1.97165, -4.92744, 81.3457, 1, 50, 2.801, 27.801, 3.10076, -2.33712, 1.60055, 0, 1.97165, -4.92744, 9.23581, -11.5408, 7.21056, 235;
11.799, 78.7431, 1.78027, -3.8275, 81.2569, 1, 50, 2.801, 27.801, 2.47081, -2.03671, 1.86051, 0, 1.78027, -3.8275, 6.17171, -6.63444, 3.56593, 236;
11.849, 78.8261, 1.69736, -1.65831, 81.1739, 1, 50, 2.801, 27.801, 1.98493, -2.00108, 2.48038, 0, 1.69736, -1.65831, 0.700746, 0.487208, -0.62065, 237;
11.899, 78.907, 1.62815, -1.38408, 81.093, 1, 50, 2.801, 27.801, 2.09737, -2.0128, 2.18599, 0, 1.62815, -1.38408, -0.289711, 2.26798, -1.95376, 238;
11.949, 78.985, 1.5281, -2.00106, 81.015, 1, 50, 2.801, 27.801, 1.62964, -1.91613, 3.05458, 0, 1.5281, -2.00106, 1.96531, -1.2868, 0.421268, 239;
11.999, 79.0586, 1.42007, -2.16055, 80.9414, 1, 50, 2.801, 27.801, 1.6277, -1.79518, 2.62909, 0, 1.42007, -2.16055, 2.46536, -1.87545, 0.713343, 240;
12.049, 79.1282, 1.32773, -1.84687, 80.8718, 1, 50, 2.801, 27.801, 1.47709, -1.7005, 2.87564, 0, 1.32773, -1.84687, 1.92674, -1.34004, 0.465999, 241;
12.099, 79.1946, 1.2491, -1.57265, 80.8054, 1, 50, 2.801, 27.801, 1.35001, -1.62741, 3.17705, 0, 1.2491, -1.57265, 1.48501, -0.934833, 0.294245, 242;
12.149, 79.2581, 1.17244, -1.5332, 80.7419, 1, 50, 2.801, 27.801, 1.29694, -1.55345, 3.0588, 0, 1.17244, -1.5332, 1.50372, -0.98321, 0.321436, 243;
12.199, 79.3186, 1.09444, -1.55995, 80.6814, 1, 50, 2.801, 27.801, 1.27661, -1.47154, 2.80635, 0, 1.09444, -1.55995, 1.66759, -1.18844, 0.423484, 244;
12.249, 79.3761, 1.0205, -1.47883, 80.6239, 1, 50, 2.801, 27.801, 1.21995, -1.39262, 2.76029, 0, 1.0205, -1.47883, 1.60726, -1.16456, 0.421898, 245;
12.299, 79.4309, 0.955573, -1.29851, 80.5691, 1, 50, 2.801, 27.801, 1.11644, -1.32756, 2.9436, 0, 0.955573, -1.29851, 1.32339, -0.899168, 0.305466, 246;
12.349, 79.4831, 0.898966, -1.13215, 80.5169, 1, 50, 2.801, 27.801, 1.37781, -1.28488, 2.19791, 0, 0.898966, -1.13215, 0.857547, -0.154492, -0.214452, 247;
12.399, 79.5327, 0.847077, -1.03777, 80.4673, 1, 50, 2.801, 27.801, 1.52519, -1.25676, 1.97909, 0, 0.847077, -1.03777, 0.550988, 0.476103, -0.76248, 248;
12.449, 79.5792, 0.798713, -0.96728, 80.4208, 1, 50, 2.801, 27.801, 1.68988, -1.24086, 1.81698, 0, 0.798713, -0.96728, 0.290971, 1.11738, -1.4062, 249;
12.499, 79.6222, 0.755481, -0.864648, 80.3778, 1, 50, 2.801, 27.801, 2.00468, -1.24923, 1.6305, 0, 0.755481, -0.864648, -0.2283, 2.5115, -2.90891, 250;
12.549, 79.6613, 0.720511, -0.69939, 80.3387, 1, 50, 2.801, 27.801, 2.62577, -1.30884, 1.41972, 0, 0.720511, -0.69939, -1.33384, 5.83993, -6.90335, 251;
12.599, 79.696, 0.700698, -0.396275, 80.304, 1, 50, 2.801, 27.801, 3.9809, -1.49009, 1.18373, 0, 0.700698, -0.396275, -3.99217, 15.187, -19.9614, 252;
12.649, 79.7256, 0.587166, -2.27063, 80.2744, 1, 50, 2.801, 27.801, 5.38647, -1.17634, 1.03437, 0, 0.587166, -2.27063, 6.58558, -12.7336, 12.3105, 253;
12.699, 79.7489, 0.336816, -5.007, 80.2511, 1, 50, 2.801, 27.801, 204.814, 1.1444, 0.269077, 0, 0.336816, -5.007, 55.8242, -414.932, 1542.06, 254;
12.749, 79.7695, 0.388994, 1.04355, 80.2305, 1, 50, 2.801, 27.801, 4.68295, 0.695162, 1.08608, 0, 0.388994, 1.04355, -9.72237, 30.4991, -39.679, 255;
12.799, 79.7932, 0.459937, 1.41886, 80.2068, 1, 50, 2.801, 27.801, 9.23031, -0.105645, 0.847203, 0, 0.459937, 1.41886, -17.7382, 71.8885, -120.281, 256;
12.849, 79.8196, 0.49756, 0.752459, 80.1804, 1, 50, 2.801, 27.801, 11.2197, -0.78758, 0.788839, 0, 0.49756, 0.752459, -15.3184, 70.4203, -129.308, 257;
12.899, 79.8471, 0.509322, 0.235241, 80.1529, 1, 50, 2.801, 27.801, 14.3594, -1.38667, 0.720749, 0, 0.509322, 0.235241, -13.7237, 73.4464, -150.969, 258;
12.949, 79.8739, 0.517854, 0.170645, 80.1261, 1, 50, 2.801, 27.801, 24.4696, -2.20408, 0.594095, 0, 0.517854, 0.170645, -19.3301, 127.247, -318.839, 259;
12.999, 79.898, 0.507093, -0.215212, 80.102, 1, 50, 2.801, 27.801, 35.8282, -3.02979, 0.517148, 0, 0.507093, -0.215212, -20.2562, 161.504, -473.115, 260;
13.049, 79.9151, 0.214502, -5.85183, 80.0849, 1, 50, 2.801, 27.801, 827.367, 1.26341, 0.146622, 0, 0.214502, -5.85183, 119.733, -1633.21, 11138.9, 261;
13.099, 79.9259, 0.146042, -1.3692, 80.0741, 1, 50, 2.801, 27.801, 60.3273, 1.69168, 0.42665, 0, 0.146042, -1.3692, 9.62757, -45.131, 105.78, 262;
13.149, 79.9365, 0.165114, 0.381436, 80.0635, 1, 50, 2.801, 27.801, 11.1039, 1.41724, 0.783491, 0, 0.165114, 0.381436, -6.14878, 27.6635, -50.5827, 263;
13.199, 79.9509, 0.248897, 1.67566, 80.0491, 1, 50, 2.801, 27.801, 85.7035, -0.4861, 0.375, 0, 0.248897, 1.67566, -48.0497, 441.036, -1668.82, 264;
13.249, 79.9688, 0.29586, 0.939274, 80.0312, 1, 50, 2.801, 27.801, 271.115, -3.33669, 0.240386, 0, 0.29586, 0.939274, -84.8837, 1314.93, -8002.23, 265;
13.299, 79.9878, 0.311369, 0.310171, 80.0122, 1, 50, 2.801, 27.801, 1549.6, -11.1563, 0.0965498, 0, 0.311369, 0.310171, -420.1, 17204.9, -266261, 266;
13.349, 80.0016, 0.109289, -4.0416, 79.9984, 1, 50, 2.801, 27.801, -nan, -11.1563, 0, 0, 0, 0, 0, 0, 0, 267;
13.399, 80.0029, 8.85699e-05, -2.18401, 79.9971, 1, 50, 2.801, 27.801, -nan, -11.1563, 0, 0, 0, 0, 0, 0, 0, 268;
13.449, 80.0029, 5.70155e-07, -0.00176, 79.9971, 1, 50, 2.801, 27.801, -nan, -11.1563, 0, 0, 0, 0, 0, 0, 0, 269;
13.499, 80.0029, 3.86269e-08, -1.06306e-05, 79.9971, 1, 50, 2.801, 27.801, -nan, -11.1563, 0, 0, 0, 0, 0, 0, 0, 270;
13.549, 80.0029, 3.201e-08, -1.32337e-07, 79.9971, 1, 50, 2.801, 27.801, -nan, -11.1563, 0, 0, 0, 0, 0, 0, 0, 271;
13.599, 80.0029, 3.20381e-08, 5.61473e-10, 79.9971, 1, 50, 2.801, 27.801, -nan, -11.1563, 0, 0, 0, 0, 0, 0, 0, 272;
13.649, 80.0029, 3.20863e-08, 9.64404e-10, 79.9971, 1, 50, 2.801, 27.801, -nan, -11.1563, 0, 0, 0, 0, 0, 0, 0, 273;
13.699, 80.0029, 3.21076e-08, 4.26546e-10, 79.9971, 1, 50, 2.801, 27.801, -nan, -11.1563, 0, 0, 0, 0, 0, 0, 0, 274;
13.749, 80.0029, 3.21169e-08, 1.84547e-10, 79.9971, 1, 50, 2.801, 27.801, -nan, -11.1563, 0, 0, 0, 0, 0, 0, 0, 275;
13.799, 80.0029, 3.21208e-08, 7.97137e-11, 79.9971, 1, 50, 2.801, 27.801, -nan, -11.1563, 0, 0, 0, 0, 0, 0, 0, 276;
13.849, 80.0029, 3.21226e-08, 3.4414e-11, 79.9971, 1, 50, 2.801, 27.801, -nan, -11.1563, 0, 0, 0, 0, 0, 0, 0, 277;
13.899, 80.0029, 3.21233e-08, 1.4854e-11, 79.9971, 1, 50, 2.801, 27.801, -nan, -11.1563, 0, 0, 0, 0, 0, 0, 0, 278;
13.949, 80.0029, 3.21236e-08, 6.41081e-12, 79.9971, 1, 50, 2.801, 27.801, -nan, -11.1563, 0, 0, 0, 0, 0, 0, 0, 279;
13.999, 80.0029, 3.21238e-08, 2.76673e-12, 79.9971, 1, 50, 2.801, 27.801, -nan, -11.1563, 0, 0, 0, 0, 0, 0, 0, 280;
14.049, 80.0029, 3.21238e-08, 1.19401e-12, 79.9971, 1, 50, 2.801, 27.801, -nan, -11.1563, 0, 0, 0, 0, 0, 0, 0, 281;
14.099, 80.0029, 3.21238e-08, 5.15289e-13, 79.9971, 1, 50, 2.801, 27.801, -nan, -11.1563, 0, 0, 0, 0, 0, 0, 0, 282;
14.149, 80.0029, 3.21239e-08, 2.22367e-13, 79.9971, 1, 50, 2.801, 27.801, -nan, -11.1563, 0, 0, 0, 0, 0, 0, 0, 283;
14.199, 80.0029, 3.21239e-08, 9.59768e-14, 79.9971, 1, 50, 2.801, 27.801, -nan, -11.1563, 0, 0, 0, 0, 0, 0, 0, 284;
14.249, 80.0029, 3.21239e-08, 4.14135e-14, 79.9971, 1, 50, 2.801, 27.801, -nan, -11.1563, 0, 0, 0, 0, 0, 0, 0, 285;
14.299, 80.0029, 3.21239e-08, 1.78676e-14, 79.9971, 1, 50, 2.801, 27.801, -nan, -11.1563, 0, 0, 0, 0, 0, 0, 0, 286;
14.349, 80.0029, 3.21239e-08, 7.71478e-15, 79.9971, 1, 50, 2.801, 27.801, -nan, -11.1563, 0, 0, 0, 0, 0, 0, 0, 287;
14.399, 80.0029, 3.21239e-08, 3.33468e-15, 79.9971, 1, 50, 2.801, 27.801, -nan, -11.1563, 0, 0, 0, 0, 0, 0, 0, 288;
14.449, 80.0029, 3.21239e-08, 1.43223e-15, 79.9971, 1, 50, 2.801, 27.801, -nan, -11.1563, 0, 0, 0, 0, 0, 0, 0, 289;
14.499, 80.0029, 3.21239e-08, 6.16119e-16, 79.9971, 1, 50, 2.801, 27.801, -nan, -11.1563, 0, 0, 0, 0, 0, 0, 0, 290;
14.529, 80.0029, 3.21239e-08, 6.16119e-16, 79.9971, 1, 50, 2.801, 27.801, -nan, -11.1563, 0, 0, 0, 0, 0, 0, 0, 291;
